{"name":"3f0dc75a-3633-4e61-b2e4-ba8d0c55f56e","id":"/providers/Microsoft.Flow/flows/3f0dc75a-3633-4e61-b2e4-ba8d0c55f56e","type":"Microsoft.Flow/flows","properties":{"apiId":"/providers/Microsoft.PowerApps/apis/shared_logicflows","displayName":"Sequential - Add Planner tasks to an Excel Online Business spreadsheet-(Sequential)","definition":{"metadata":{"workflowEntityId":null,"processAdvisorMetadata":null,"flowclientsuspensionreason":"None","flowclientsuspensiontime":null,"flowclientsuspensionreasondetails":null,"creator":{"id":"5a598793-60ef-4841-867c-b4bbc3789258","type":"User","tenantId":"b41b6ad9-5bd0-4cda-95b7-b448d0c656bc"},"provisioningMethod":"FromDefinition","failureAlertSubscription":true,"clientLastModifiedTime":"2023-04-10T23:54:19.0426491Z"},"$schema":"https://schema.management.azure.com/providers/Microsoft.Logic/schemas/2016-06-01/workflowdefinition.json#","contentVersion":"1.0.0.0","parameters":{"$connections":{"defaultValue":{},"type":"Object"},"$authentication":{"defaultValue":{},"type":"SecureObject"}},"triggers":{"Run_every_day_@_23:00":{"recurrence":{"frequency":"Day","interval":1,"timeZone":"Singapore Standard Time","schedule":{"hours":["23"]}},"metadata":{"operationMetadataId":"2cd364bf-b7d6-4278-bb8a-67da4220858a"},"type":"Recurrence"}},"actions":{"List_teams":{"runAfter":{"Remove_all_rows_from_all_tables":["Succeeded"]},"metadata":{"operationMetadataId":"f679604b-cbc3-4785-85c3-e9313032a71d"},"type":"OpenApiConnection","inputs":{"host":{"apiId":"/providers/Microsoft.PowerApps/apis/shared_teams","connectionName":"shared_teams","operationId":"GetAllTeams"},"parameters":{},"authentication":"@parameters('$authentication')"}},"Apply_to_each_-_Users":{"foreach":"@outputs('List_teams')?['body/value']","actions":{"List_group_members_2_(User)":{"runAfter":{},"metadata":{"operationMetadataId":"652e6556-7074-4c64-8175-9e557c307e04"},"type":"OpenApiConnection","inputs":{"host":{"apiId":"/providers/Microsoft.PowerApps/apis/shared_office365groups","connectionName":"shared_office365groups","operationId":"ListGroupMembers"},"parameters":{"groupId":"@items('Apply_to_each_-_Users')?['id']"},"authentication":"@parameters('$authentication')"}},"Apply_to_each_11_(User)_2":{"foreach":"@outputs('List_group_members_2_(User)')?['body/value']","actions":{"Add_a_row_into_a_table_7":{"runAfter":{},"metadata":{"01UNJUSCF7N5ENFFA6DREY3GZ6J5LP7NFO":"/PlannerTasks.xlsx","operationMetadataId":"039f0da7-1fa2-45bc-ac67-37d214bc22c9","tableId":"{C82BA1FC-45F4-46FA-B8A9-BF26EFB3F239}","017HRU7ZUPYXKCB4PJQNC36ODHU5APNQE5":"/PlannerTasks-Sequential.xlsx"},"type":"OpenApiConnection","inputs":{"host":{"apiId":"/providers/Microsoft.PowerApps/apis/shared_excelonlinebusiness","connectionName":"shared_excelonlinebusiness_1","operationId":"AddRowV2"},"parameters":{"source":"groups/6cc3df97-4a83-4f2b-84ed-8217d2980d83","drive":"b!7BNeuGmY5U2SSFJVtl0J_yc0stBoFA9Kj5AN_UACZVnPxPkFIjtCRos_tG-eAPyr","file":"017HRU7ZUPYXKCB4PJQNC36ODHU5APNQE5","table":"{C82BA1FC-45F4-46FA-B8A9-BF26EFB3F239}","item/User ID":"@items('Apply_to_each_11_(User)_2')?['id']","item/User Name":"@items('Apply_to_each_11_(User)_2')?['displayName']","item/User first name":"@items('Apply_to_each_11_(User)_2')?['givenName']","item/user surname":"@items('Apply_to_each_11_(User)_2')?['surname']"},"authentication":"@parameters('$authentication')"}}},"runAfter":{"List_group_members_2_(User)":["Succeeded"]},"metadata":{"operationMetadataId":"5d4f3933-41e9-4415-951a-da32df0f8f27"},"type":"Foreach"}},"runAfter":{"List_teams":["Succeeded"]},"metadata":{"operationMetadataId":"4a0b27ac-f72c-4a79-b270-a83e3135742c"},"type":"Foreach"},"Apply_to_each_-_Plans":{"foreach":"@outputs('List_teams')?['body/value']","actions":{"List_plans_for_a_group_3_(Plan)":{"runAfter":{},"metadata":{"operationMetadataId":"d2e19d20-006c-4523-80e5-b3890c01f332"},"type":"OpenApiConnection","inputs":{"host":{"apiId":"/providers/Microsoft.PowerApps/apis/shared_planner","connectionName":"shared_planner","operationId":"ListGroupPlans"},"parameters":{"groupId":"@items('Apply_to_each_-_Plans')?['id']"},"authentication":"@parameters('$authentication')"}},"Apply_to_each_29":{"foreach":"@outputs('List_plans_for_a_group_3_(Plan)')?['body/value']","actions":{"Add_a_row_into_a_table_3":{"runAfter":{},"metadata":{"017HRU7ZUPYXKCB4PJQNC36ODHU5APNQE5":"/PlannerTasks-Sequential.xlsx","operationMetadataId":"08d2f984-3e04-4e12-8600-e52801699070","tableId":"{0086D036-F256-4C9D-B2A1-B21C088B14C5}"},"type":"OpenApiConnection","inputs":{"host":{"apiId":"/providers/Microsoft.PowerApps/apis/shared_excelonlinebusiness","connectionName":"shared_excelonlinebusiness_1","operationId":"AddRowV2"},"parameters":{"source":"groups/6cc3df97-4a83-4f2b-84ed-8217d2980d83","drive":"b!7BNeuGmY5U2SSFJVtl0J_yc0stBoFA9Kj5AN_UACZVnPxPkFIjtCRos_tG-eAPyr","file":"017HRU7ZUPYXKCB4PJQNC36ODHU5APNQE5","table":"{0086D036-F256-4C9D-B2A1-B21C088B14C5}","item/Plan ID":"@items('Apply_to_each_29')?['id']","item/Plan Name":"@items('Apply_to_each_29')?['title']"},"authentication":"@parameters('$authentication')"}}},"runAfter":{"List_plans_for_a_group_3_(Plan)":["Succeeded"]},"metadata":{"operationMetadataId":"454a6a7b-059f-445f-9efd-193d1256415e"},"type":"Foreach"}},"runAfter":{"Apply_to_each_-_Users":["Succeeded"]},"metadata":{"operationMetadataId":"3618bb57-41c6-40bd-b69d-046018f60deb"},"type":"Foreach"},"Apply_to_each_-_Tasks":{"foreach":"@outputs('List_teams')?['body/value']","actions":{"List_plans_for_a_group_6_(Task)":{"runAfter":{},"metadata":{"operationMetadataId":"a34570b8-cae3-463a-bf8a-88934aa1acc0"},"type":"OpenApiConnection","inputs":{"host":{"apiId":"/providers/Microsoft.PowerApps/apis/shared_planner","connectionName":"shared_planner","operationId":"ListGroupPlans"},"parameters":{"groupId":"@items('Apply_to_each_-_Tasks')?['id']"},"authentication":"@parameters('$authentication')"}},"Apply_to_each_3":{"foreach":"@outputs('List_plans_for_a_group_6_(Task)')?['body/value']","actions":{"List_tasks_2":{"runAfter":{},"metadata":{"operationMetadataId":"720cbcf6-b7ec-4553-8440-f17d9ff29a07"},"type":"OpenApiConnection","inputs":{"host":{"apiId":"/providers/Microsoft.PowerApps/apis/shared_planner","connectionName":"shared_planner","operationId":"ListTasks_V3"},"parameters":{"groupId":"@items('Apply_to_each_-_Tasks')?['id']","id":"@items('Apply_to_each_3')?['id']"},"authentication":"@parameters('$authentication')"}},"Apply_to_each_5":{"foreach":"@outputs('List_tasks_2')?['body/value']","actions":{"Add_a_row_into_a_table_2":{"runAfter":{},"metadata":{"017HRU7ZUPYXKCB4PJQNC36ODHU5APNQE5":"/PlannerTasks-Sequential.xlsx","operationMetadataId":"165636d2-1bb1-429b-8549-d0edd026c826","tableId":"{3B8FAFF0-5141-46CD-87EE-EA0FD8F708B4}"},"type":"OpenApiConnection","inputs":{"host":{"apiId":"/providers/Microsoft.PowerApps/apis/shared_excelonlinebusiness","connectionName":"shared_excelonlinebusiness_1","operationId":"AddRowV2"},"parameters":{"source":"groups/6cc3df97-4a83-4f2b-84ed-8217d2980d83","drive":"b!7BNeuGmY5U2SSFJVtl0J_yc0stBoFA9Kj5AN_UACZVnPxPkFIjtCRos_tG-eAPyr","file":"017HRU7ZUPYXKCB4PJQNC36ODHU5APNQE5","table":"{3B8FAFF0-5141-46CD-87EE-EA0FD8F708B4}","item/Created By User Display Name":"@items('Apply_to_each_5')?['createdBy/user/displayName']","item/Created By User ID":"@items('Apply_to_each_5')?['createdBy/user/id']","item/Title":"@items('Apply_to_each_5')?['title']","item/Plan Id":"@items('Apply_to_each_5')?['planId']","item/Bucket Id":"@items('Apply_to_each_5')?['bucketId']","item/Task ID":"@items('Apply_to_each_5')?['id']"},"authentication":"@parameters('$authentication')"}}},"runAfter":{"List_tasks_2":["Succeeded"]},"metadata":{"operationMetadataId":"9bd0a9f4-9a34-47e9-b7cc-7bdb8a57a613"},"type":"Foreach"}},"runAfter":{"List_plans_for_a_group_6_(Task)":["Succeeded"]},"metadata":{"operationMetadataId":"9a8ffd66-0219-449a-8031-8d1ce85fe732"},"type":"Foreach"}},"runAfter":{"Apply_to_each_-_Buckets":["Succeeded"]},"metadata":{"operationMetadataId":"3b042f64-9cd4-4d66-bebb-4f0c4bd6204b"},"type":"Foreach"},"Apply_to_each_-_Assignments":{"foreach":"@outputs('List_teams')?['body/value']","actions":{"List_plans_for_a_group_4_(Assignment)":{"runAfter":{},"metadata":{"operationMetadataId":"2862ccca-9052-4e7a-985c-8df05d65877e"},"type":"OpenApiConnection","inputs":{"host":{"apiId":"/providers/Microsoft.PowerApps/apis/shared_planner","connectionName":"shared_planner","operationId":"ListGroupPlans"},"parameters":{"groupId":"@items('Apply_to_each_-_Assignments')?['id']"},"authentication":"@parameters('$authentication')"}},"Apply_to_each_4":{"foreach":"@outputs('List_plans_for_a_group_4_(Assignment)')?['body/value']","actions":{"List_tasks":{"runAfter":{},"metadata":{"operationMetadataId":"ac9f888d-f4f2-4987-bcbc-2ef92f21cc6f"},"type":"OpenApiConnection","inputs":{"host":{"apiId":"/providers/Microsoft.PowerApps/apis/shared_planner","connectionName":"shared_planner","operationId":"ListTasks_V3"},"parameters":{"groupId":"@items('Apply_to_each_-_Assignments')?['id']","id":"@items('Apply_to_each_4')?['id']"},"authentication":"@parameters('$authentication')"}},"Apply_to_each_6":{"foreach":"@outputs('List_tasks')?['body/value']","actions":{"Get_a_task":{"runAfter":{},"metadata":{"operationMetadataId":"971a76e4-3b73-4209-b70c-f3fc93ef8e0c"},"type":"OpenApiConnection","inputs":{"host":{"apiId":"/providers/Microsoft.PowerApps/apis/shared_planner","connectionName":"shared_planner","operationId":"GetTask_V2"},"parameters":{"id":"@items('Apply_to_each_6')?['id']"},"authentication":"@parameters('$authentication')"}},"Apply_to_each_9":{"foreach":"@outputs('Get_a_task')?['body/_assignments']","actions":{"Add_a_row_into_a_table":{"runAfter":{},"metadata":{"017HRU7ZUPYXKCB4PJQNC36ODHU5APNQE5":"/PlannerTasks-Sequential.xlsx","operationMetadataId":"489f0e8f-7b01-4d37-8992-bbdae9bb8fac"},"type":"OpenApiConnection","inputs":{"host":{"apiId":"/providers/Microsoft.PowerApps/apis/shared_excelonlinebusiness","connectionName":"shared_excelonlinebusiness_1","operationId":"AddRowV2"},"parameters":{"source":"groups/6cc3df97-4a83-4f2b-84ed-8217d2980d83","drive":"b!7BNeuGmY5U2SSFJVtl0J_yc0stBoFA9Kj5AN_UACZVnPxPkFIjtCRos_tG-eAPyr","file":"017HRU7ZUPYXKCB4PJQNC36ODHU5APNQE5","table":"{B0BB0DD4-7A9B-4AE1-BE3C-7829BBAB7700}","item/Plan ID":"@outputs('Get_a_task')?['body/planId']","item/Task ID":"@outputs('Get_a_task')?['body/id']","item/UserAssignmentID":"@items('Apply_to_each_9')?['userId']"},"authentication":"@parameters('$authentication')"}}},"runAfter":{"Get_a_task":["Succeeded"]},"metadata":{"operationMetadataId":"9a0b55a9-f49c-401c-8e9e-5daa6b476210"},"type":"Foreach"}},"runAfter":{"List_tasks":["Succeeded"]},"metadata":{"operationMetadataId":"f2168b78-c3f8-4473-9d27-65dbd342f883"},"type":"Foreach"}},"runAfter":{"List_plans_for_a_group_4_(Assignment)":["Succeeded"]},"metadata":{"operationMetadataId":"7aa65377-8b14-44d6-be4d-66cf013fa99b"},"type":"Foreach"}},"runAfter":{"Apply_to_each_-_Tasks":["Succeeded"]},"metadata":{"operationMetadataId":"a89d9113-623a-4732-86ec-abb99b9d0cab"},"type":"Foreach"},"Apply_to_each_-_Checklists":{"foreach":"@outputs('List_teams')?['body/value']","actions":{"List_plans_for_a_group_2_(Checklist)":{"runAfter":{},"metadata":{"operationMetadataId":"cd56299b-266b-429c-b382-4bc7303b8858"},"type":"OpenApiConnection","inputs":{"host":{"apiId":"/providers/Microsoft.PowerApps/apis/shared_planner","connectionName":"shared_planner","operationId":"ListGroupPlans"},"parameters":{"groupId":"@items('Apply_to_each_-_Checklists')?['id']"},"authentication":"@parameters('$authentication')"}},"Apply_to_each_7":{"foreach":"@outputs('List_plans_for_a_group_2_(Checklist)')?['body/value']","actions":{"List_tasks_3":{"runAfter":{},"metadata":{"operationMetadataId":"15daac0a-5b3c-4b2d-bdc9-7d83ca26df83"},"type":"OpenApiConnection","inputs":{"host":{"apiId":"/providers/Microsoft.PowerApps/apis/shared_planner","connectionName":"shared_planner","operationId":"ListTasks_V3"},"parameters":{"groupId":"@items('Apply_to_each_-_Checklists')?['id']","id":"@items('Apply_to_each_7')?['id']"},"authentication":"@parameters('$authentication')"}},"Apply_to_each_8":{"foreach":"@outputs('List_tasks_3')?['body/value']","actions":{"Get_task_details":{"runAfter":{},"metadata":{"operationMetadataId":"ab7e55ef-0d9e-446d-8c00-6203eb74c5cd"},"type":"OpenApiConnection","inputs":{"host":{"apiId":"/providers/Microsoft.PowerApps/apis/shared_planner","connectionName":"shared_planner","operationId":"GetTaskDetails_V2"},"parameters":{"id":"@items('Apply_to_each_8')?['id']"},"authentication":"@parameters('$authentication')"}},"Apply_to_each_10":{"foreach":"@outputs('Get_task_details')?['body/checklist']","actions":{"Add_a_row_into_a_table_4":{"runAfter":{},"metadata":{"017HRU7ZUPYXKCB4PJQNC36ODHU5APNQE5":"/PlannerTasks-Sequential.xlsx","operationMetadataId":"7539f0a9-d390-4675-ac81-8de300423ada"},"type":"OpenApiConnection","inputs":{"host":{"apiId":"/providers/Microsoft.PowerApps/apis/shared_excelonlinebusiness","connectionName":"shared_excelonlinebusiness_1","operationId":"AddRowV2"},"parameters":{"source":"groups/6cc3df97-4a83-4f2b-84ed-8217d2980d83","drive":"b!7BNeuGmY5U2SSFJVtl0J_yc0stBoFA9Kj5AN_UACZVnPxPkFIjtCRos_tG-eAPyr","file":"017HRU7ZUPYXKCB4PJQNC36ODHU5APNQE5","table":"{01ABAAFF-B3E2-4F16-966D-90575F6EA5BF}","item/TaskID":"@outputs('Get_task_details')?['body/id']","item/ChecklistID":"@items('Apply_to_each_10')?['id']","item/Checklist title":"@items('Apply_to_each_10')?['value/title']","item/Checklist is checked":"@items('Apply_to_each_10')?['value/isChecked']"},"authentication":"@parameters('$authentication')"}}},"runAfter":{"Get_task_details":["Succeeded"]},"metadata":{"operationMetadataId":"31c94d73-05f3-4df6-87d4-f1c1b1c1dab8"},"type":"Foreach"}},"runAfter":{"List_tasks_3":["Succeeded"]},"metadata":{"operationMetadataId":"1c99372d-2f75-4980-be5f-67322e552637"},"type":"Foreach"}},"runAfter":{"List_plans_for_a_group_2_(Checklist)":["Succeeded"]},"metadata":{"operationMetadataId":"2e7a28d2-0225-49cc-9643-f8b432e2381e"},"type":"Foreach"}},"runAfter":{"Apply_to_each_-_Assignments":["Succeeded"]},"metadata":{"operationMetadataId":"fa6c0b69-f7e1-41df-9229-7c211ddb49a6"},"type":"Foreach"},"Apply_to_each_-_Buckets":{"foreach":"@outputs('List_teams')?['body/value']","actions":{"List_plans_for_a_group":{"runAfter":{},"metadata":{"operationMetadataId":"670906d2-8961-433a-bcfe-a78522fcb5bc"},"type":"OpenApiConnection","inputs":{"host":{"apiId":"/providers/Microsoft.PowerApps/apis/shared_planner","connectionName":"shared_planner","operationId":"ListGroupPlans"},"parameters":{"groupId":"@items('Apply_to_each_-_Buckets')?['id']"},"authentication":"@parameters('$authentication')"}},"Apply_to_each":{"foreach":"@outputs('List_plans_for_a_group')?['body/value']","actions":{"List_buckets":{"runAfter":{},"metadata":{"operationMetadataId":"696d98e7-2b75-4df9-a8f4-e3944179cad5"},"type":"OpenApiConnection","inputs":{"host":{"apiId":"/providers/Microsoft.PowerApps/apis/shared_planner","connectionName":"shared_planner","operationId":"ListBuckets_V3"},"parameters":{"groupId":"@items('Apply_to_each_-_Buckets')?['id']","id":"@items('Apply_to_each')?['id']"},"authentication":"@parameters('$authentication')"}},"Apply_to_each_2":{"foreach":"@outputs('List_buckets')?['body/value']","actions":{"Add_a_row_into_a_table_5":{"runAfter":{},"metadata":{"017HRU7ZUPYXKCB4PJQNC36ODHU5APNQE5":"/PlannerTasks-Sequential.xlsx","operationMetadataId":"2db83ceb-2715-4c50-8cdb-017b027efbda","tableId":"{558C1F6A-C903-43F6-8559-3C0263019CF5}"},"type":"OpenApiConnection","inputs":{"host":{"apiId":"/providers/Microsoft.PowerApps/apis/shared_excelonlinebusiness","connectionName":"shared_excelonlinebusiness_1","operationId":"AddRowV2"},"parameters":{"source":"groups/6cc3df97-4a83-4f2b-84ed-8217d2980d83","drive":"b!7BNeuGmY5U2SSFJVtl0J_yc0stBoFA9Kj5AN_UACZVnPxPkFIjtCRos_tG-eAPyr","file":"017HRU7ZUPYXKCB4PJQNC36ODHU5APNQE5","table":"{558C1F6A-C903-43F6-8559-3C0263019CF5}","item/Plan Id":"@items('Apply_to_each_2')?['planId']","item/Bucket Id":"@items('Apply_to_each_2')?['id']","item/Bucket Name":"@items('Apply_to_each_2')?['name']"},"authentication":"@parameters('$authentication')"}}},"runAfter":{"List_buckets":["Succeeded"]},"metadata":{"operationMetadataId":"8b772e3d-08a3-4eeb-a9bf-4476a22cdb56"},"type":"Foreach"}},"runAfter":{"List_plans_for_a_group":["Succeeded"]},"metadata":{"operationMetadataId":"0c536747-db71-48fe-a0b4-9e35d3a21b34"},"type":"Foreach"}},"runAfter":{"Apply_to_each_-_Plans":["Succeeded"]},"metadata":{"operationMetadataId":"7cb36c14-5799-4d8c-9f92-3af9f7ff585c"},"type":"Foreach"},"Remove_all_rows_from_all_tables":{"runAfter":{},"metadata":{"017HRU7ZUPYXKCB4PJQNC36ODHU5APNQE5":"/PlannerTasks-Sequential.xlsx","operationMetadataId":"c1273a3a-a405-4bdf-a36d-dcffde381913","tableId":null},"type":"OpenApiConnection","inputs":{"host":{"apiId":"/providers/Microsoft.PowerApps/apis/shared_excelonlinebusiness","connectionName":"shared_excelonlinebusiness_1","operationId":"RunScriptProd"},"parameters":{"source":"groups/6cc3df97-4a83-4f2b-84ed-8217d2980d83","drive":"b!7BNeuGmY5U2SSFJVtl0J_yc0stBoFA9Kj5AN_UACZVnPxPkFIjtCRos_tG-eAPyr","file":"017HRU7ZUPYXKCB4PJQNC36ODHU5APNQE5","scriptId":"ms-officescript%3A%2F%2Fonedrive_business_itemlink%2F01YUQA4FPIH7EBWFDCM5GZKHASGUGL4YYV"},"authentication":"@parameters('$authentication')"}}},"outputs":{},"description":"Updates an Excel spreadsheet stored in SharePoint with Planner tasks and details.\n\nUses a script to remove the rows in each Excel table."},"connectionReferences":{"shared_teams":{"connectionName":"070045562178483faef6e3ea3783bfc2","source":"Embedded","id":"/providers/Microsoft.PowerApps/apis/shared_teams","tier":"NotSpecified"},"shared_office365groups":{"connectionName":"shared-office365grou-ace8f5b0-a129-4f0e-9976-4493-f297a764","source":"Embedded","id":"/providers/Microsoft.PowerApps/apis/shared_office365groups","tier":"NotSpecified"},"shared_excelonlinebusiness_1":{"connectionName":"shared-excelonlinebu-489ac57e-6f66-4542-b53d-83dc-a881b76e","source":"Embedded","id":"/providers/Microsoft.PowerApps/apis/shared_excelonlinebusiness","tier":"NotSpecified"},"shared_planner":{"connectionName":"shared-planner-2ecf2d55-d2f7-4484-8c1a-5570681c416f","source":"Embedded","id":"/providers/Microsoft.PowerApps/apis/shared_planner","tier":"NotSpecified"}},"flowFailureAlertSubscribed":false,"isManaged":false}}