{"name":"9734b457-26e1-4b7c-916a-8c3153ce3ee4","id":"/providers/Microsoft.Flow/flows/9734b457-26e1-4b7c-916a-8c3153ce3ee4","type":"Microsoft.Flow/flows","properties":{"apiId":"/providers/Microsoft.PowerApps/apis/shared_logicflows","displayName":"Single Team - Add Planner tasks to an Excel Online Business spreadsheet","definition":{"metadata":{"workflowEntityId":null,"processAdvisorMetadata":null,"flowChargedByPaygo":null,"flowclientsuspensionreason":"None","flowclientsuspensiontime":null,"flowclientsuspensionreasondetails":null,"creator":{"id":"5a598793-60ef-4841-867c-b4bbc3789258","type":"User","tenantId":"b41b6ad9-5bd0-4cda-95b7-b448d0c656bc"},"provisioningMethod":"FromDefinition","failureAlertSubscription":true,"clientLastModifiedTime":"2023-04-12T15:40:54.213192Z"},"$schema":"https://schema.management.azure.com/providers/Microsoft.Logic/schemas/2016-06-01/workflowdefinition.json#","contentVersion":"1.0.0.0","parameters":{"$connections":{"defaultValue":{},"type":"Object"},"$authentication":{"defaultValue":{},"type":"SecureObject"}},"triggers":{"Run_every_day_@_03:00":{"recurrence":{"frequency":"Day","interval":1,"timeZone":"UTC","schedule":{"hours":["3"]}},"metadata":{"operationMetadataId":"2cd364bf-b7d6-4278-bb8a-67da4220858a"},"type":"Recurrence"}},"actions":{"Remove_existing_Task_rows":{"runAfter":{"Delay":["Succeeded"]},"metadata":{"017HRU7ZWCAKJXYUI7JNAKNS3XGGIUBVCO":"/PlannerTasks.xlsx","operationMetadataId":"ca81eb14-0976-40ce-850f-1025949a8a05","tableId":null,"017HRU7ZVFKALLTE6B5RC3JJDWXH7IM46T":"/SingleTeam-PlannerTasks.xlsx"},"type":"OpenApiConnection","inputs":{"host":{"apiId":"/providers/Microsoft.PowerApps/apis/shared_excelonlinebusiness","connectionName":"shared_excelonlinebusiness","operationId":"RunScriptProd"},"parameters":{"source":"groups/6cc3df97-4a83-4f2b-84ed-8217d2980d83","drive":"b!7BNeuGmY5U2SSFJVtl0J_yc0stBoFA9Kj5AN_UACZVnPxPkFIjtCRos_tG-eAPyr","file":"017HRU7ZVFKALLTE6B5RC3JJDWXH7IM46T","scriptId":"ms-officescript%3A%2F%2Fonedrive_business_itemlink%2F01YUQA4FIQR5BEVGPB3FHIT5PAC6CF3FRO"},"authentication":"@parameters('$authentication')"}},"Remove_existing_Checklist_rows":{"runAfter":{"Delay_6":["Succeeded"]},"metadata":{"017HRU7ZWCAKJXYUI7JNAKNS3XGGIUBVCO":"/PlannerTasks.xlsx","operationMetadataId":"232201e3-41c0-4b79-ab1d-94df8da1b8df","tableId":null,"017HRU7ZVFKALLTE6B5RC3JJDWXH7IM46T":"/SingleTeam-PlannerTasks.xlsx"},"type":"OpenApiConnection","inputs":{"host":{"apiId":"/providers/Microsoft.PowerApps/apis/shared_excelonlinebusiness","connectionName":"shared_excelonlinebusiness","operationId":"RunScriptProd"},"parameters":{"source":"groups/6cc3df97-4a83-4f2b-84ed-8217d2980d83","drive":"b!7BNeuGmY5U2SSFJVtl0J_yc0stBoFA9Kj5AN_UACZVnPxPkFIjtCRos_tG-eAPyr","file":"017HRU7ZVFKALLTE6B5RC3JJDWXH7IM46T","scriptId":"ms-officescript%3A%2F%2Fonedrive_business_itemlink%2F01YUQA4FIB2C3ZW6WBAFDIB3O5O6BGYLY2"},"authentication":"@parameters('$authentication')"}},"Remove_existing_User_rows":{"runAfter":{"Delay_5":["Succeeded"]},"metadata":{"017HRU7ZWCAKJXYUI7JNAKNS3XGGIUBVCO":"/PlannerTasks.xlsx","operationMetadataId":"1528f461-84dd-4c71-b220-2fb3df7bd3ad","tableId":null,"017HRU7ZVFKALLTE6B5RC3JJDWXH7IM46T":"/SingleTeam-PlannerTasks.xlsx"},"type":"OpenApiConnection","inputs":{"host":{"apiId":"/providers/Microsoft.PowerApps/apis/shared_excelonlinebusiness","connectionName":"shared_excelonlinebusiness","operationId":"RunScriptProd"},"parameters":{"source":"groups/6cc3df97-4a83-4f2b-84ed-8217d2980d83","drive":"b!7BNeuGmY5U2SSFJVtl0J_yc0stBoFA9Kj5AN_UACZVnPxPkFIjtCRos_tG-eAPyr","file":"017HRU7ZVFKALLTE6B5RC3JJDWXH7IM46T","scriptId":"ms-officescript%3A%2F%2Fonedrive_business_itemlink%2F01YUQA4FLDDT6YBV5BSNHZTD2EJJ4RZVCN"},"authentication":"@parameters('$authentication')"}},"Remove_existing_Assignment_rows":{"runAfter":{"Delay_4":["Succeeded"]},"metadata":{"017HRU7ZWCAKJXYUI7JNAKNS3XGGIUBVCO":"/PlannerTasks.xlsx","operationMetadataId":"c0ef892b-402e-4179-aa30-e003b0fa6778","tableId":null,"017HRU7ZVFKALLTE6B5RC3JJDWXH7IM46T":"/SingleTeam-PlannerTasks.xlsx"},"type":"OpenApiConnection","inputs":{"host":{"apiId":"/providers/Microsoft.PowerApps/apis/shared_excelonlinebusiness","connectionName":"shared_excelonlinebusiness","operationId":"RunScriptProd"},"parameters":{"source":"groups/6cc3df97-4a83-4f2b-84ed-8217d2980d83","drive":"b!7BNeuGmY5U2SSFJVtl0J_yc0stBoFA9Kj5AN_UACZVnPxPkFIjtCRos_tG-eAPyr","file":"017HRU7ZVFKALLTE6B5RC3JJDWXH7IM46T","scriptId":"ms-officescript%3A%2F%2Fonedrive_business_itemlink%2F01YUQA4FM27BGX4O6W6NHKGBYSCLTLED5S"},"authentication":"@parameters('$authentication')"}},"Remove_existing_Plan_rows":{"runAfter":{"Delay_3":["Succeeded"]},"metadata":{"017HRU7ZWCAKJXYUI7JNAKNS3XGGIUBVCO":"/PlannerTasks.xlsx","operationMetadataId":"0ec6d97d-4000-49d7-997c-2975c8e648dd","tableId":null,"017HRU7ZVFKALLTE6B5RC3JJDWXH7IM46T":"/SingleTeam-PlannerTasks.xlsx"},"type":"OpenApiConnection","inputs":{"host":{"apiId":"/providers/Microsoft.PowerApps/apis/shared_excelonlinebusiness","connectionName":"shared_excelonlinebusiness","operationId":"RunScriptProd"},"parameters":{"source":"groups/6cc3df97-4a83-4f2b-84ed-8217d2980d83","drive":"b!7BNeuGmY5U2SSFJVtl0J_yc0stBoFA9Kj5AN_UACZVnPxPkFIjtCRos_tG-eAPyr","file":"017HRU7ZVFKALLTE6B5RC3JJDWXH7IM46T","scriptId":"ms-officescript%3A%2F%2Fonedrive_business_itemlink%2F01YUQA4FNDZMJII2RDIZCLUYDGVJ5VP2FG"},"authentication":"@parameters('$authentication')"}},"Remove_existing_Bucket_rows":{"runAfter":{"Delay_2":["Succeeded"]},"metadata":{"017HRU7ZWCAKJXYUI7JNAKNS3XGGIUBVCO":"/PlannerTasks.xlsx","operationMetadataId":"e94b478f-e456-4ccd-924c-8863707f8092","tableId":null,"017HRU7ZVFKALLTE6B5RC3JJDWXH7IM46T":"/SingleTeam-PlannerTasks.xlsx"},"type":"OpenApiConnection","inputs":{"host":{"apiId":"/providers/Microsoft.PowerApps/apis/shared_excelonlinebusiness","connectionName":"shared_excelonlinebusiness","operationId":"RunScriptProd"},"parameters":{"source":"groups/6cc3df97-4a83-4f2b-84ed-8217d2980d83","drive":"b!7BNeuGmY5U2SSFJVtl0J_yc0stBoFA9Kj5AN_UACZVnPxPkFIjtCRos_tG-eAPyr","file":"017HRU7ZVFKALLTE6B5RC3JJDWXH7IM46T","scriptId":"ms-officescript%3A%2F%2Fonedrive_business_itemlink%2F01YUQA4FI6USQ755ZAQBE3XU5SV2ITFNSH"},"authentication":"@parameters('$authentication')"}},"List_plans_for_a_group":{"runAfter":{"Get_a_team":["Succeeded"]},"metadata":{"operationMetadataId":"998dc8c9-a28b-4bc4-88bf-e996ceccbffb"},"type":"OpenApiConnection","inputs":{"host":{"apiId":"/providers/Microsoft.PowerApps/apis/shared_planner","connectionName":"shared_planner","operationId":"ListGroupPlans"},"parameters":{"groupId":"@outputs('Get_a_team')?['body/id']"},"authentication":"@parameters('$authentication')"}},"Apply_to_each":{"foreach":"@outputs('List_plans_for_a_group')?['body/value']","actions":{"List_tasks":{"runAfter":{},"metadata":{"operationMetadataId":"3c3eea07-17a8-4542-a508-bb5b12e5cec6"},"type":"OpenApiConnection","inputs":{"host":{"apiId":"/providers/Microsoft.PowerApps/apis/shared_planner","connectionName":"shared_planner","operationId":"ListTasks_V3"},"parameters":{"groupId":"@outputs('Get_a_team')?['body/id']","id":"@items('Apply_to_each')?['id']"},"authentication":"@parameters('$authentication')"}},"Apply_to_each_14":{"foreach":"@outputs('List_tasks')?['body/value']","actions":{"Add_a_row_into_a_table":{"runAfter":{},"metadata":{"017HRU7ZWCAKJXYUI7JNAKNS3XGGIUBVCO":"/PlannerTasks.xlsx","operationMetadataId":"d125745f-b80e-415b-a99e-672a6ece1195","tableId":"{3B8FAFF0-5141-46CD-87EE-EA0FD8F708B4}","017HRU7ZVFKALLTE6B5RC3JJDWXH7IM46T":"/SingleTeam-PlannerTasks.xlsx"},"type":"OpenApiConnection","inputs":{"host":{"apiId":"/providers/Microsoft.PowerApps/apis/shared_excelonlinebusiness","connectionName":"shared_excelonlinebusiness","operationId":"AddRowV2"},"parameters":{"source":"groups/6cc3df97-4a83-4f2b-84ed-8217d2980d83","drive":"b!7BNeuGmY5U2SSFJVtl0J_yc0stBoFA9Kj5AN_UACZVnPxPkFIjtCRos_tG-eAPyr","file":"017HRU7ZVFKALLTE6B5RC3JJDWXH7IM46T","table":"{3B8FAFF0-5141-46CD-87EE-EA0FD8F708B4}","item/Title":"@items('Apply_to_each_14')?['title']","item/Start Date Time":"@items('Apply_to_each_14')?['startDateTime']","item/Created Date Time":"@items('Apply_to_each_14')?['createdDateTime']","item/Due Date Time":"@items('Apply_to_each_14')?['dueDateTime']","item/Completed Date Time":"@items('Apply_to_each_14')?['completedDateTime']","item/Plan Id":"@items('Apply_to_each_14')?['planId']","item/Bucket Id":"@items('Apply_to_each_14')?['bucketId']","item/Percent Complete":"@items('Apply_to_each_14')?['percentComplete']","item/Pink":"@items('Apply_to_each_14')?['appliedCategories/category1']","item/Red":"@items('Apply_to_each_14')?['appliedCategories/category2']","item/Yellow":"@items('Apply_to_each_14')?['appliedCategories/category3']","item/Green":"@items('Apply_to_each_14')?['appliedCategories/category4']","item/Blue":"@items('Apply_to_each_14')?['appliedCategories/category5']","item/Purple":"@items('Apply_to_each_14')?['appliedCategories/category6']","item/Bronze":"@items('Apply_to_each_14')?['appliedCategories/category7']","item/Lime":"@items('Apply_to_each_14')?['appliedCategories/category8']","item/Aqua":"@items('Apply_to_each_14')?['appliedCategories/category9']","item/Gray":"@items('Apply_to_each_14')?['appliedCategories/category10']","item/Silver":"@items('Apply_to_each_14')?['appliedCategories/category11']","item/Brown":"@items('Apply_to_each_14')?['appliedCategories/category12']","item/Cranberry":"@items('Apply_to_each_14')?['appliedCategories/category13']","item/Orange":"@items('Apply_to_each_14')?['appliedCategories/category14']","item/Peach":"@items('Apply_to_each_14')?['appliedCategories/category15']","item/Marigold":"@items('Apply_to_each_14')?['appliedCategories/category16']","item/Light green":"@items('Apply_to_each_14')?['appliedCategories/category17']","item/Dark green":"@items('Apply_to_each_14')?['appliedCategories/category18']","item/Teal":"@items('Apply_to_each_14')?['appliedCategories/category19']","item/Light blue":"@items('Apply_to_each_14')?['appliedCategories/category20']","item/Dark blue":"@items('Apply_to_each_14')?['appliedCategories/category21']","item/Lavender":"@items('Apply_to_each_14')?['appliedCategories/category22']","item/Plum":"@items('Apply_to_each_14')?['appliedCategories/category23']","item/Light gray":"@items('Apply_to_each_14')?['appliedCategories/category24']","item/Dark gray":"@items('Apply_to_each_14')?['appliedCategories/category25']","item/Task ID":"@items('Apply_to_each_14')?['id']"},"authentication":"@parameters('$authentication')"}}},"runAfter":{"List_tasks":["Succeeded"]},"metadata":{"operationMetadataId":"adf5db4a-3237-47be-a0e5-3073178a9d09"},"type":"Foreach"}},"runAfter":{"List_plans_for_a_group":["Succeeded"]},"metadata":{"operationMetadataId":"bd730d9f-9336-444b-b26c-b0be81708f9e"},"type":"Foreach"},"List_plans_for_a_group_6":{"runAfter":{"Get_a_team_2":["Succeeded"]},"metadata":{"operationMetadataId":"1467e02c-28b9-45b8-9d09-6730e2b0e7dd"},"type":"OpenApiConnection","inputs":{"host":{"apiId":"/providers/Microsoft.PowerApps/apis/shared_planner","connectionName":"shared_planner","operationId":"ListGroupPlans"},"parameters":{"groupId":"89d971b0-f0df-48bf-a38b-011f9e4062a2"},"authentication":"@parameters('$authentication')"}},"Get_a_team":{"runAfter":{"Remove_existing_Task_rows":["Succeeded"]},"metadata":{"operationMetadataId":"53599e13-6dc8-42e2-9900-d7d0c4ede037"},"type":"OpenApiConnection","inputs":{"host":{"apiId":"/providers/Microsoft.PowerApps/apis/shared_teams","connectionName":"shared_teams_1","operationId":"GetTeam"},"parameters":{"teamId":"89d971b0-f0df-48bf-a38b-011f9e4062a2"},"authentication":"@parameters('$authentication')"}},"Get_a_team_2":{"runAfter":{"Remove_existing_Checklist_rows":["Succeeded"]},"metadata":{"operationMetadataId":"6f9b3e7b-de83-4a70-ac19-76c031ff6c46"},"type":"OpenApiConnection","inputs":{"host":{"apiId":"/providers/Microsoft.PowerApps/apis/shared_teams","connectionName":"shared_teams_1","operationId":"GetTeam"},"parameters":{"teamId":"89d971b0-f0df-48bf-a38b-011f9e4062a2"},"authentication":"@parameters('$authentication')"}},"Apply_to_each_13":{"foreach":"@outputs('List_plans_for_a_group_6')?['body/value']","actions":{"List_tasks_2":{"runAfter":{},"metadata":{"operationMetadataId":"696b4a68-cf2d-4792-829e-b2d43fa886d9"},"type":"OpenApiConnection","inputs":{"host":{"apiId":"/providers/Microsoft.PowerApps/apis/shared_planner","connectionName":"shared_planner","operationId":"ListTasks_V3"},"parameters":{"groupId":"@outputs('Get_a_team_2')?['body/id']","id":"@items('Apply_to_each_13')?['id']"},"authentication":"@parameters('$authentication')"}},"Apply_to_each_15":{"foreach":"@outputs('List_tasks_2')?['body/value']","actions":{"Get_task_details":{"runAfter":{},"metadata":{"operationMetadataId":"028f9cdd-ae67-494f-935f-d1429916b8f5"},"type":"OpenApiConnection","inputs":{"host":{"apiId":"/providers/Microsoft.PowerApps/apis/shared_planner","connectionName":"shared_planner","operationId":"GetTaskDetails_V2"},"parameters":{"id":"@items('Apply_to_each_15')?['id']"},"authentication":"@parameters('$authentication')"}},"Apply_to_each_16":{"foreach":"@outputs('Get_task_details')?['body/checklist']","actions":{"Add_a_row_into_a_table_3":{"runAfter":{},"metadata":{"017HRU7ZWCAKJXYUI7JNAKNS3XGGIUBVCO":"/PlannerTasks.xlsx","operationMetadataId":"cf477dc9-1d26-4be4-b806-8075b7961922","tableId":"{01ABAAFF-B3E2-4F16-966D-90575F6EA5BF}","017HRU7ZVFKALLTE6B5RC3JJDWXH7IM46T":"/SingleTeam-PlannerTasks.xlsx"},"type":"OpenApiConnection","inputs":{"host":{"apiId":"/providers/Microsoft.PowerApps/apis/shared_excelonlinebusiness","connectionName":"shared_excelonlinebusiness","operationId":"AddRowV2"},"parameters":{"source":"groups/6cc3df97-4a83-4f2b-84ed-8217d2980d83","drive":"b!7BNeuGmY5U2SSFJVtl0J_yc0stBoFA9Kj5AN_UACZVnPxPkFIjtCRos_tG-eAPyr","file":"017HRU7ZVFKALLTE6B5RC3JJDWXH7IM46T","table":"{01ABAAFF-B3E2-4F16-966D-90575F6EA5BF}","item/TaskID":"@outputs('Get_task_details')?['body/id']","item/ChecklistID":"@items('Apply_to_each_16')?['id']","item/Checklist title":"@items('Apply_to_each_16')?['value/title']","item/Checklist is checked":"@items('Apply_to_each_16')?['value/isChecked']"},"authentication":"@parameters('$authentication')"}}},"runAfter":{"Get_task_details":["Succeeded"]},"metadata":{"operationMetadataId":"9e481967-684e-4032-9d42-75af329058b7"},"type":"Foreach"}},"runAfter":{"List_tasks_2":["Succeeded"]},"metadata":{"operationMetadataId":"f069b9aa-d9be-44a9-abd8-24eb39215393"},"type":"Foreach"}},"runAfter":{"List_plans_for_a_group_6":["Succeeded"]},"metadata":{"operationMetadataId":"ba6e3981-b672-432d-9798-7c0dc87156c6"},"type":"Foreach"},"Get_a_team_3":{"runAfter":{"Remove_existing_User_rows":["Succeeded"]},"metadata":{"operationMetadataId":"c3b4896b-e831-4090-a937-b586b4d66aa1"},"type":"OpenApiConnection","inputs":{"host":{"apiId":"/providers/Microsoft.PowerApps/apis/shared_teams","connectionName":"shared_teams_1","operationId":"GetTeam"},"parameters":{"teamId":"89d971b0-f0df-48bf-a38b-011f9e4062a2"},"authentication":"@parameters('$authentication')"}},"Apply_to_each_17":{"foreach":"@outputs('List_group_members')?['body/value']","actions":{"Add_a_row_into_a_table_6":{"runAfter":{},"metadata":{"017HRU7ZWCAKJXYUI7JNAKNS3XGGIUBVCO":"/PlannerTasks.xlsx","operationMetadataId":"6655bc77-67c7-49c0-813f-710054f79d4e","tableId":"{C82BA1FC-45F4-46FA-B8A9-BF26EFB3F239}","017HRU7ZVFKALLTE6B5RC3JJDWXH7IM46T":"/SingleTeam-PlannerTasks.xlsx"},"type":"OpenApiConnection","inputs":{"host":{"apiId":"/providers/Microsoft.PowerApps/apis/shared_excelonlinebusiness","connectionName":"shared_excelonlinebusiness","operationId":"AddRowV2"},"parameters":{"source":"groups/6cc3df97-4a83-4f2b-84ed-8217d2980d83","drive":"b!7BNeuGmY5U2SSFJVtl0J_yc0stBoFA9Kj5AN_UACZVnPxPkFIjtCRos_tG-eAPyr","file":"017HRU7ZVFKALLTE6B5RC3JJDWXH7IM46T","table":"{C82BA1FC-45F4-46FA-B8A9-BF26EFB3F239}","item/User ID":"@items('Apply_to_each_17')?['id']","item/User Name":"@items('Apply_to_each_17')?['displayName']","item/User first name":"@items('Apply_to_each_17')?['givenName']","item/user surname":"@items('Apply_to_each_17')?['surname']"},"authentication":"@parameters('$authentication')"}}},"runAfter":{"List_group_members":["Succeeded"]},"metadata":{"operationMetadataId":"fa2fa42d-e111-42a9-b911-02c9605edb59"},"type":"Foreach"},"Get_a_team_4":{"runAfter":{"Remove_existing_Assignment_rows":["Succeeded"]},"metadata":{"operationMetadataId":"c5b34ca5-543d-4a87-94dd-c0b9f3383685"},"type":"OpenApiConnection","inputs":{"host":{"apiId":"/providers/Microsoft.PowerApps/apis/shared_teams","connectionName":"shared_teams_1","operationId":"GetTeam"},"parameters":{"teamId":"89d971b0-f0df-48bf-a38b-011f9e4062a2"},"authentication":"@parameters('$authentication')"}},"List_plans_for_a_group_5":{"runAfter":{"Get_a_team_4":["Succeeded"]},"metadata":{"operationMetadataId":"212cbd70-07c3-436c-afd4-a38b9c94ade1"},"type":"OpenApiConnection","inputs":{"host":{"apiId":"/providers/Microsoft.PowerApps/apis/shared_planner","connectionName":"shared_planner","operationId":"ListGroupPlans"},"parameters":{"groupId":"89d971b0-f0df-48bf-a38b-011f9e4062a2"},"authentication":"@parameters('$authentication')"}},"Get_a_team_5":{"runAfter":{"Remove_existing_Plan_rows":["Succeeded"]},"metadata":{"operationMetadataId":"47d5d790-e4df-46fc-8a1f-5061d56bd7a7"},"type":"OpenApiConnection","inputs":{"host":{"apiId":"/providers/Microsoft.PowerApps/apis/shared_teams","connectionName":"shared_teams_1","operationId":"GetTeam"},"parameters":{"teamId":"89d971b0-f0df-48bf-a38b-011f9e4062a2"},"authentication":"@parameters('$authentication')"}},"List_plans_for_a_group_3":{"runAfter":{"Get_a_team_5":["Succeeded"]},"metadata":{"operationMetadataId":"beac3941-019e-4c1b-92df-faab2771cc89"},"type":"OpenApiConnection","inputs":{"host":{"apiId":"/providers/Microsoft.PowerApps/apis/shared_planner","connectionName":"shared_planner","operationId":"ListGroupPlans"},"parameters":{"groupId":"89d971b0-f0df-48bf-a38b-011f9e4062a2"},"authentication":"@parameters('$authentication')"}},"Apply_to_each_5":{"foreach":"@outputs('List_plans_for_a_group_3')?['body/value']","actions":{"Get_plan_details":{"runAfter":{},"metadata":{"operationMetadataId":"e6d7a96e-b725-4446-9cad-fadf737a7091"},"type":"OpenApiConnection","inputs":{"host":{"apiId":"/providers/Microsoft.PowerApps/apis/shared_planner","connectionName":"shared_planner","operationId":"GetPlanDetails"},"parameters":{"id":"@items('Apply_to_each_5')?['id']"},"authentication":"@parameters('$authentication')"}},"Add_a_row_into_a_table_4":{"runAfter":{"Get_plan_details":["Succeeded"]},"metadata":{"017HRU7ZWCAKJXYUI7JNAKNS3XGGIUBVCO":"/PlannerTasks.xlsx","operationMetadataId":"504403b6-5a87-4418-889b-db435e15e18f","tableId":"{0086D036-F256-4C9D-B2A1-B21C088B14C5}","017HRU7ZVFKALLTE6B5RC3JJDWXH7IM46T":"/SingleTeam-PlannerTasks.xlsx"},"type":"OpenApiConnection","inputs":{"host":{"apiId":"/providers/Microsoft.PowerApps/apis/shared_excelonlinebusiness","connectionName":"shared_excelonlinebusiness","operationId":"AddRowV2"},"parameters":{"source":"groups/6cc3df97-4a83-4f2b-84ed-8217d2980d83","drive":"b!7BNeuGmY5U2SSFJVtl0J_yc0stBoFA9Kj5AN_UACZVnPxPkFIjtCRos_tG-eAPyr","file":"017HRU7ZVFKALLTE6B5RC3JJDWXH7IM46T","table":"{0086D036-F256-4C9D-B2A1-B21C088B14C5}","item/Plan ID":"@items('Apply_to_each_5')?['id']","item/Plan Name":"@items('Apply_to_each_5')?['title']","item/Team Name":"@outputs('Get_a_team_5')?['body/displayName']"},"authentication":"@parameters('$authentication')"}}},"runAfter":{"List_plans_for_a_group_3":["Succeeded"]},"metadata":{"operationMetadataId":"bb0a6f62-a53b-4255-a03e-dc32d1d2df3a"},"type":"Foreach"},"Get_a_team_6":{"runAfter":{"Remove_existing_Bucket_rows":["Succeeded"]},"metadata":{"operationMetadataId":"cbd89cf3-87ec-4398-b611-41bd681ad9f1"},"type":"OpenApiConnection","inputs":{"host":{"apiId":"/providers/Microsoft.PowerApps/apis/shared_teams","connectionName":"shared_teams_1","operationId":"GetTeam"},"parameters":{"teamId":"89d971b0-f0df-48bf-a38b-011f9e4062a2"},"authentication":"@parameters('$authentication')"}},"List_plans_for_a_group_2":{"runAfter":{"Get_a_team_6":["Succeeded"]},"metadata":{"operationMetadataId":"f7bdd964-196e-4da6-b7f3-5867d2741dfd"},"type":"OpenApiConnection","inputs":{"host":{"apiId":"/providers/Microsoft.PowerApps/apis/shared_planner","connectionName":"shared_planner","operationId":"ListGroupPlans"},"parameters":{"groupId":"89d971b0-f0df-48bf-a38b-011f9e4062a2"},"authentication":"@parameters('$authentication')"}},"Apply_to_each_2":{"foreach":"@outputs('List_plans_for_a_group_5')?['body/value']","actions":{"List_tasks_3":{"runAfter":{},"metadata":{"operationMetadataId":"01041a7e-bfd1-454b-b06d-bfe871fd318f"},"type":"OpenApiConnection","inputs":{"host":{"apiId":"/providers/Microsoft.PowerApps/apis/shared_planner","connectionName":"shared_planner","operationId":"ListTasks_V3"},"parameters":{"groupId":"@outputs('Get_a_team_4')?['body/id']","id":"@items('Apply_to_each_2')?['id']"},"authentication":"@parameters('$authentication')"}},"Apply_to_each_3":{"foreach":"@outputs('List_tasks_3')?['body/value']","actions":{"Get_a_task":{"runAfter":{},"metadata":{"operationMetadataId":"c5ad4206-34f6-4e6e-ac5d-80d308347fe9"},"type":"OpenApiConnection","inputs":{"host":{"apiId":"/providers/Microsoft.PowerApps/apis/shared_planner","connectionName":"shared_planner","operationId":"GetTask_V2"},"parameters":{"id":"@items('Apply_to_each_3')?['id']"},"authentication":"@parameters('$authentication')"}},"Apply_to_each_4":{"foreach":"@outputs('Get_a_task')?['body/_assignments']","actions":{"Add_a_row_into_a_table_2":{"runAfter":{},"metadata":{"017HRU7ZWCAKJXYUI7JNAKNS3XGGIUBVCO":"/PlannerTasks.xlsx","operationMetadataId":"ea0627ad-01b5-4ae7-b646-17335a48a8fb","tableId":"{B0BB0DD4-7A9B-4AE1-BE3C-7829BBAB7700}","017HRU7ZVFKALLTE6B5RC3JJDWXH7IM46T":"/SingleTeam-PlannerTasks.xlsx"},"type":"OpenApiConnection","inputs":{"host":{"apiId":"/providers/Microsoft.PowerApps/apis/shared_excelonlinebusiness","connectionName":"shared_excelonlinebusiness","operationId":"AddRowV2"},"parameters":{"source":"groups/6cc3df97-4a83-4f2b-84ed-8217d2980d83","drive":"b!7BNeuGmY5U2SSFJVtl0J_yc0stBoFA9Kj5AN_UACZVnPxPkFIjtCRos_tG-eAPyr","file":"017HRU7ZVFKALLTE6B5RC3JJDWXH7IM46T","table":"{B0BB0DD4-7A9B-4AE1-BE3C-7829BBAB7700}","item/Plan ID":"@outputs('Get_a_task')?['body/planId']","item/Task ID":"@outputs('Get_a_task')?['body/id']","item/UserAssignmentID":"@items('Apply_to_each_4')?['userId']"},"authentication":"@parameters('$authentication')"}}},"runAfter":{"Get_a_task":["Succeeded"]},"metadata":{"operationMetadataId":"7a0b64b9-1197-4a0f-9a92-fb70373763b0"},"type":"Foreach"}},"runAfter":{"List_tasks_3":["Succeeded"]},"metadata":{"operationMetadataId":"415536c4-e2d3-4150-b7e2-e9eb04f454b7"},"type":"Foreach"}},"runAfter":{"List_plans_for_a_group_5":["Succeeded"]},"metadata":{"operationMetadataId":"1aee5ab4-5e46-4e4b-93d8-b7cd63a85721"},"type":"Foreach"},"Apply_to_each_6":{"foreach":"@outputs('List_plans_for_a_group_2')?['body/value']","actions":{"List_buckets":{"runAfter":{},"metadata":{"operationMetadataId":"e986cb8a-7e0a-4c0d-9dd2-00b87b6f1b85"},"type":"OpenApiConnection","inputs":{"host":{"apiId":"/providers/Microsoft.PowerApps/apis/shared_planner","connectionName":"shared_planner","operationId":"ListBuckets_V3"},"parameters":{"groupId":"@outputs('Get_a_team_6')?['body/id']","id":"@items('Apply_to_each_6')?['id']"},"authentication":"@parameters('$authentication')"}},"Apply_to_each_7":{"foreach":"@outputs('List_buckets')?['body/value']","actions":{"Add_a_row_into_a_table_5":{"runAfter":{},"metadata":{"017HRU7ZWCAKJXYUI7JNAKNS3XGGIUBVCO":"/PlannerTasks.xlsx","operationMetadataId":"ee1d3e97-e9d3-4d87-83ee-43ba71f25cde","tableId":"{558C1F6A-C903-43F6-8559-3C0263019CF5}","017HRU7ZVFKALLTE6B5RC3JJDWXH7IM46T":"/SingleTeam-PlannerTasks.xlsx"},"type":"OpenApiConnection","inputs":{"host":{"apiId":"/providers/Microsoft.PowerApps/apis/shared_excelonlinebusiness","connectionName":"shared_excelonlinebusiness","operationId":"AddRowV2"},"parameters":{"source":"groups/6cc3df97-4a83-4f2b-84ed-8217d2980d83","drive":"b!7BNeuGmY5U2SSFJVtl0J_yc0stBoFA9Kj5AN_UACZVnPxPkFIjtCRos_tG-eAPyr","file":"017HRU7ZVFKALLTE6B5RC3JJDWXH7IM46T","table":"{558C1F6A-C903-43F6-8559-3C0263019CF5}","item/Plan Id":"@items('Apply_to_each_7')?['planId']","item/Bucket Id":"@items('Apply_to_each_7')?['id']","item/Bucket Name":"@items('Apply_to_each_7')?['name']"},"authentication":"@parameters('$authentication')"}}},"runAfter":{"List_buckets":["Succeeded"]},"metadata":{"operationMetadataId":"ec467f45-a6ec-4580-9374-e3778bda9a29"},"type":"Foreach"}},"runAfter":{"List_plans_for_a_group_2":["Succeeded"]},"metadata":{"operationMetadataId":"f8845978-804f-45d5-bd81-bf1bf4539347"},"type":"Foreach"},"List_group_members":{"runAfter":{"Get_a_team_3":["Succeeded"]},"metadata":{"operationMetadataId":"82f78be6-20e7-4331-8ff6-fbedb0dc0e04"},"type":"OpenApiConnection","inputs":{"host":{"apiId":"/providers/Microsoft.PowerApps/apis/shared_office365groups","connectionName":"shared_office365groups","operationId":"ListGroupMembers"},"parameters":{"groupId":"89d971b0-f0df-48bf-a38b-011f9e4062a2"},"authentication":"@parameters('$authentication')"}},"Delay":{"runAfter":{},"metadata":{"operationMetadataId":"3ad77aeb-0d3a-4095-b030-700b04b08a25"},"type":"Wait","inputs":{"interval":{"count":5,"unit":"Second"}}},"Delay_2":{"runAfter":{},"metadata":{"operationMetadataId":"b5cadff9-55d2-4aba-97bc-22f6c1b89116"},"type":"Wait","inputs":{"interval":{"count":2,"unit":"Minute"}}},"Delay_3":{"runAfter":{},"metadata":{"operationMetadataId":"ba4e64d9-a9ab-4632-9af8-d227096ec75e"},"type":"Wait","inputs":{"interval":{"count":3,"unit":"Minute"}}},"Delay_4":{"runAfter":{},"metadata":{"operationMetadataId":"3cba6e7b-8b51-4cef-830c-cccb58fe643b"},"type":"Wait","inputs":{"interval":{"count":4,"unit":"Minute"}}},"Delay_5":{"runAfter":{},"metadata":{"operationMetadataId":"a996d7a8-e8a3-42ca-b47e-af877d0a2c96"},"type":"Wait","inputs":{"interval":{"count":7,"unit":"Minute"}}},"Delay_6":{"runAfter":{},"metadata":{"operationMetadataId":"46746c12-27c2-4e53-90a8-7eda89b2d9e4"},"type":"Wait","inputs":{"interval":{"count":5,"unit":"Minute"}}}},"outputs":{},"description":"Updates an Excel spreadsheet stored in SharePoint with Planner tasks and details.\n\nUses a script to remove the rows in each Excel table."},"connectionReferences":{"shared_excelonlinebusiness":{"connectionName":"shared-excelonlinebu-489ac57e-6f66-4542-b53d-83dc-a881b76e","source":"Embedded","id":"/providers/Microsoft.PowerApps/apis/shared_excelonlinebusiness","tier":"NotSpecified"},"shared_planner":{"connectionName":"shared-planner-2ecf2d55-d2f7-4484-8c1a-5570681c416f","source":"Embedded","id":"/providers/Microsoft.PowerApps/apis/shared_planner","tier":"NotSpecified"},"shared_teams_1":{"connectionName":"070045562178483faef6e3ea3783bfc2","source":"Embedded","id":"/providers/Microsoft.PowerApps/apis/shared_teams","tier":"NotSpecified"},"shared_office365groups":{"connectionName":"shared-office365grou-ace8f5b0-a129-4f0e-9976-4493-f297a764","source":"Embedded","id":"/providers/Microsoft.PowerApps/apis/shared_office365groups","tier":"NotSpecified"}},"flowFailureAlertSubscribed":false,"isManaged":false}}