{"name":"6482743d-b524-46d2-b76e-ecccb16877c1","id":"/providers/Microsoft.Flow/flows/6482743d-b524-46d2-b76e-ecccb16877c1","type":"Microsoft.Flow/flows","properties":{"apiId":"/providers/Microsoft.PowerApps/apis/shared_logicflows","displayName":"Add Planner tasks to an Excel Online Business spreadsheet - YouTube","definition":{"metadata":{"workflowEntityId":null,"processAdvisorMetadata":null,"flowclientsuspensionreason":"None","flowclientsuspensiontime":null,"creator":{"id":"5a598793-60ef-4841-867c-b4bbc3789258","type":"User","tenantId":"b41b6ad9-5bd0-4cda-95b7-b448d0c656bc"},"provisioningMethod":"FromDefinition","failureAlertSubscription":true,"clientLastModifiedTime":"2021-10-12T10:50:47.2791236Z"},"$schema":"https://schema.management.azure.com/providers/Microsoft.Logic/schemas/2016-06-01/workflowdefinition.json#","contentVersion":"1.0.0.0","parameters":{"$connections":{"defaultValue":{},"type":"Object"},"$authentication":{"defaultValue":{},"type":"SecureObject"}},"triggers":{"Run_every_day_@_23:00":{"recurrence":{"frequency":"Day","interval":1,"schedule":{"hours":["23"]}},"type":"Recurrence"}},"actions":{"List_teams":{"runAfter":{"and_then_delete_each_row":["Succeeded"]},"type":"OpenApiConnection","inputs":{"host":{"apiId":"/providers/Microsoft.PowerApps/apis/shared_teams","connectionName":"shared_teams","operationId":"GetAllTeams"},"parameters":{},"authentication":"@parameters('$authentication')"},"description":"Get the list of all of the teams on the system.  Note that Planner Plans need to be associated with a Team"},"and_then_delete_each_row":{"foreach":"@outputs('List_rows_present_in_the_Tasks_tbl')?['body/value']","actions":{"Delete_a_row_3":{"runAfter":{},"metadata":{"01NVYSWWV642BYHAKULVGLBTQDQ3ZRW2MK":"/Planner Tasks from Flow.xlsx","tableId":"{3B8FAFF0-5141-46CD-87EE-EA0FD8F708B4}","01XHGXZHS3ZQXAI55NXVDJRE2ISMRHBLCL":"/Planner Tasks from Flow.xlsx"},"type":"OpenApiConnection","inputs":{"host":{"apiId":"/providers/Microsoft.PowerApps/apis/shared_excelonlinebusiness","connectionName":"shared_excelonlinebusiness_1","operationId":"DeleteItem"},"parameters":{"source":"groups/0c6b6a6b-ff59-4a55-be49-35bf7a82bab0","drive":"b!2BLhhotKKUGLsCWCXPtUBqmvgRjlaTVPp4mDgrkf9FBKxu4TqTLQT6M2Tq3yo4yj","file":"01XHGXZHS3ZQXAI55NXVDJRE2ISMRHBLCL","table":"{3B8FAFF0-5141-46CD-87EE-EA0FD8F708B4}","idColumn":"Task ID","id":"@items('and_then_delete_each_row')?['Task ID']"},"authentication":"@parameters('$authentication')"}}},"runAfter":{"List_rows_present_in_the_Tasks_tbl":["Succeeded"]},"type":"Foreach","description":"Delete all the current rows in the table."},"Apply_to_each_Teams_List":{"foreach":"@outputs('List_teams')?['body/value']","actions":{"List_plans_for_a_group":{"runAfter":{},"type":"OpenApiConnection","inputs":{"host":{"apiId":"/providers/Microsoft.PowerApps/apis/shared_planner","connectionName":"shared_planner","operationId":"ListGroupPlans"},"parameters":{"groupId":"@items('Apply_to_each_Teams_List')?['id']"},"authentication":"@parameters('$authentication')"}},"Apply_to_each_Plan":{"foreach":"@outputs('List_plans_for_a_group')?['body/value']","actions":{"List_tasks":{"runAfter":{},"type":"OpenApiConnection","inputs":{"host":{"apiId":"/providers/Microsoft.PowerApps/apis/shared_planner","connectionName":"shared_planner","operationId":"ListTasks_V3"},"parameters":{"groupId":"@items('Apply_to_each_Teams_List')?['id']","id":"@items('Apply_to_each_Plan')?['id']"},"authentication":"@parameters('$authentication')"}},"Apply_to_each_task":{"foreach":"@outputs('List_tasks')?['body/value']","actions":{"Add_a_row_into_a_table":{"runAfter":{},"metadata":{"01NVYSWWV642BYHAKULVGLBTQDQ3ZRW2MK":"/Planner Tasks from Flow.xlsx","tableId":"{3B8FAFF0-5141-46CD-87EE-EA0FD8F708B4}","01XHGXZHS3ZQXAI55NXVDJRE2ISMRHBLCL":"/Planner Tasks from Flow.xlsx"},"type":"OpenApiConnection","inputs":{"host":{"apiId":"/providers/Microsoft.PowerApps/apis/shared_excelonlinebusiness","connectionName":"shared_excelonlinebusiness_1","operationId":"AddRowV2"},"parameters":{"source":"groups/0c6b6a6b-ff59-4a55-be49-35bf7a82bab0","drive":"b!2BLhhotKKUGLsCWCXPtUBqmvgRjlaTVPp4mDgrkf9FBKxu4TqTLQT6M2Tq3yo4yj","file":"01XHGXZHS3ZQXAI55NXVDJRE2ISMRHBLCL","table":"{3B8FAFF0-5141-46CD-87EE-EA0FD8F708B4}","item/Title":"@items('Apply_to_each_task')?['title']","item/Start Date Time":"@items('Apply_to_each_task')?['startDateTime']","item/Created Date Time":"@items('Apply_to_each_task')?['createdDateTime']","item/Due Date Time":"@items('Apply_to_each_task')?['dueDateTime']","item/Completed Date Time":"@items('Apply_to_each_task')?['completedDateTime']","item/Plan Id":"@items('Apply_to_each_task')?['planId']","item/Bucket Id":"@items('Apply_to_each_task')?['bucketId']","item/Percent Complete":"@items('Apply_to_each_task')?['percentComplete']","item/Pink":"@items('Apply_to_each_task')?['appliedCategories/category1']","item/Red":"@items('Apply_to_each_task')?['appliedCategories/category2']","item/Yellow":"@items('Apply_to_each_task')?['appliedCategories/category3']","item/Green":"@items('Apply_to_each_task')?['appliedCategories/category4']","item/Blue":"@items('Apply_to_each_task')?['appliedCategories/category5']","item/Purple":"@items('Apply_to_each_task')?['appliedCategories/category6']","item/Bronze":"@items('Apply_to_each_task')?['appliedCategories/category7']","item/Lime":"@items('Apply_to_each_task')?['appliedCategories/category8']","item/Aqua":"@items('Apply_to_each_task')?['appliedCategories/category9']","item/Gray":"@items('Apply_to_each_task')?['appliedCategories/category10']","item/Silver":"@items('Apply_to_each_task')?['appliedCategories/category11']","item/Brown":"@items('Apply_to_each_task')?['appliedCategories/category12']","item/Cranberry":"@items('Apply_to_each_task')?['appliedCategories/category13']","item/Orange":"@items('Apply_to_each_task')?['appliedCategories/category14']","item/Peach":"@items('Apply_to_each_task')?['appliedCategories/category15']","item/Marigold":"@items('Apply_to_each_task')?['appliedCategories/category16']","item/Light green":"@items('Apply_to_each_task')?['appliedCategories/category17']","item/Dark green":"@items('Apply_to_each_task')?['appliedCategories/category18']","item/Teal":"@items('Apply_to_each_task')?['appliedCategories/category19']","item/Light blue":"@items('Apply_to_each_task')?['appliedCategories/category20']","item/Dark blue":"@items('Apply_to_each_task')?['appliedCategories/category21']","item/Lavender":"@items('Apply_to_each_task')?['appliedCategories/category22']","item/Plum":"@items('Apply_to_each_task')?['appliedCategories/category23']","item/Light gray":"@items('Apply_to_each_task')?['appliedCategories/category24']","item/Dark gray":"@items('Apply_to_each_task')?['appliedCategories/category25']","item/Task ID":"@items('Apply_to_each_task')?['id']"},"authentication":"@parameters('$authentication')"}}},"runAfter":{"List_tasks":["Succeeded"]},"type":"Foreach"}},"runAfter":{"List_plans_for_a_group":["Succeeded"]},"type":"Foreach"}},"runAfter":{"List_teams":["Succeeded"]},"type":"Foreach","description":"For each team, get the list of Plans associated with that team."},"List_rows_present_in_the_Tasks_tbl":{"runAfter":{},"metadata":{"01NVYSWWV642BYHAKULVGLBTQDQ3ZRW2MK":"/Planner Tasks from Flow.xlsx","tableId":"{3B8FAFF0-5141-46CD-87EE-EA0FD8F708B4}","01XHGXZHS3ZQXAI55NXVDJRE2ISMRHBLCL":"/Planner Tasks from Flow.xlsx"},"type":"OpenApiConnection","inputs":{"host":{"apiId":"/providers/Microsoft.PowerApps/apis/shared_excelonlinebusiness","connectionName":"shared_excelonlinebusiness","operationId":"GetItems"},"parameters":{"source":"groups/0c6b6a6b-ff59-4a55-be49-35bf7a82bab0","drive":"b!2BLhhotKKUGLsCWCXPtUBqmvgRjlaTVPp4mDgrkf9FBKxu4TqTLQT6M2Tq3yo4yj","file":"01XHGXZHS3ZQXAI55NXVDJRE2ISMRHBLCL","table":"{3B8FAFF0-5141-46CD-87EE-EA0FD8F708B4}"},"authentication":"@parameters('$authentication')"},"description":"List all the rows in the current table"},"List_rows_present_in_the_Buckets_tbl":{"runAfter":{},"metadata":{"01NVYSWWV642BYHAKULVGLBTQDQ3ZRW2MK":"/Planner Tasks from Flow.xlsx","tableId":"{558C1F6A-C903-43F6-8559-3C0263019CF5}","01XHGXZHS3ZQXAI55NXVDJRE2ISMRHBLCL":"/Planner Tasks from Flow.xlsx"},"type":"OpenApiConnection","inputs":{"host":{"apiId":"/providers/Microsoft.PowerApps/apis/shared_excelonlinebusiness","connectionName":"shared_excelonlinebusiness_1","operationId":"GetItems"},"parameters":{"source":"groups/0c6b6a6b-ff59-4a55-be49-35bf7a82bab0","drive":"b!2BLhhotKKUGLsCWCXPtUBqmvgRjlaTVPp4mDgrkf9FBKxu4TqTLQT6M2Tq3yo4yj","file":"01XHGXZHS3ZQXAI55NXVDJRE2ISMRHBLCL","table":"{558C1F6A-C903-43F6-8559-3C0263019CF5}"},"authentication":"@parameters('$authentication')"},"description":"List all the rows in the current table"},"and_then_delete_each_row_in_the_Buckets_tbl":{"foreach":"@outputs('List_rows_present_in_the_Buckets_tbl')?['body/value']","actions":{"Delete_a_row":{"runAfter":{},"metadata":{"01NVYSWWV642BYHAKULVGLBTQDQ3ZRW2MK":"/Planner Tasks from Flow.xlsx","tableId":"{558C1F6A-C903-43F6-8559-3C0263019CF5}","01XHGXZHS3ZQXAI55NXVDJRE2ISMRHBLCL":"/Planner Tasks from Flow.xlsx"},"type":"OpenApiConnection","inputs":{"host":{"apiId":"/providers/Microsoft.PowerApps/apis/shared_excelonlinebusiness","connectionName":"shared_excelonlinebusiness_1","operationId":"DeleteItem"},"parameters":{"source":"groups/0c6b6a6b-ff59-4a55-be49-35bf7a82bab0","drive":"b!2BLhhotKKUGLsCWCXPtUBqmvgRjlaTVPp4mDgrkf9FBKxu4TqTLQT6M2Tq3yo4yj","file":"01XHGXZHS3ZQXAI55NXVDJRE2ISMRHBLCL","table":"{558C1F6A-C903-43F6-8559-3C0263019CF5}","idColumn":"Bucket Id","id":"@items('and_then_delete_each_row_in_the_Buckets_tbl')?['Bucket Id']"},"authentication":"@parameters('$authentication')"}}},"runAfter":{"List_rows_present_in_the_Buckets_tbl":["Succeeded"]},"type":"Foreach","description":"Delete all the current rows in the table."},"List_teams_2":{"runAfter":{"and_then_delete_each_row_in_the_Buckets_tbl":["Succeeded"]},"type":"OpenApiConnection","inputs":{"host":{"apiId":"/providers/Microsoft.PowerApps/apis/shared_teams","connectionName":"shared_teams","operationId":"GetAllTeams"},"parameters":{},"authentication":"@parameters('$authentication')"},"description":"Get the list of all of the teams on the system.  Note that Planner Plans need to be associated with a Team"},"Apply_to_each_2":{"foreach":"@outputs('List_teams_2')?['body/value']","actions":{"List_plans_for_a_group_2":{"runAfter":{},"type":"OpenApiConnection","inputs":{"host":{"apiId":"/providers/Microsoft.PowerApps/apis/shared_planner","connectionName":"shared_planner","operationId":"ListGroupPlans"},"parameters":{"groupId":"@items('Apply_to_each_2')?['id']"},"authentication":"@parameters('$authentication')"}},"Apply_to_each_3":{"foreach":"@outputs('List_plans_for_a_group_2')?['body/value']","actions":{"List_buckets":{"runAfter":{},"type":"OpenApiConnection","inputs":{"host":{"apiId":"/providers/Microsoft.PowerApps/apis/shared_planner","connectionName":"shared_planner","operationId":"ListBuckets_V3"},"parameters":{"groupId":"@items('Apply_to_each_2')?['id']","id":"@items('Apply_to_each_3')?['id']"},"authentication":"@parameters('$authentication')"}},"Apply_to_each_4":{"foreach":"@outputs('List_buckets')?['body/value']","actions":{"Add_a_row_into_a_table_2":{"runAfter":{},"metadata":{"01NVYSWWV642BYHAKULVGLBTQDQ3ZRW2MK":"/Planner Tasks from Flow.xlsx","tableId":"{558C1F6A-C903-43F6-8559-3C0263019CF5}","01XHGXZHS3ZQXAI55NXVDJRE2ISMRHBLCL":"/Planner Tasks from Flow.xlsx"},"type":"OpenApiConnection","inputs":{"host":{"apiId":"/providers/Microsoft.PowerApps/apis/shared_excelonlinebusiness","connectionName":"shared_excelonlinebusiness_1","operationId":"AddRowV2"},"parameters":{"source":"groups/0c6b6a6b-ff59-4a55-be49-35bf7a82bab0","drive":"b!2BLhhotKKUGLsCWCXPtUBqmvgRjlaTVPp4mDgrkf9FBKxu4TqTLQT6M2Tq3yo4yj","file":"01XHGXZHS3ZQXAI55NXVDJRE2ISMRHBLCL","table":"{558C1F6A-C903-43F6-8559-3C0263019CF5}","item/Plan Id":"@items('Apply_to_each_4')?['planId']","item/Bucket Id":"@items('Apply_to_each_4')?['id']","item/Bucket Name":"@items('Apply_to_each_4')?['name']"},"authentication":"@parameters('$authentication')"}}},"runAfter":{"List_buckets":["Succeeded"]},"type":"Foreach"}},"runAfter":{"List_plans_for_a_group_2":["Succeeded"]},"type":"Foreach"}},"runAfter":{"List_teams_2":["Succeeded"]},"type":"Foreach","description":"Get the list of all of the teams on the system.  Note that Planner Plans need to be associated with a Team"},"List_rows_present_in_the_Plans_tbl":{"runAfter":{},"metadata":{"01NVYSWWV642BYHAKULVGLBTQDQ3ZRW2MK":"/Planner Tasks from Flow.xlsx","tableId":"{0086D036-F256-4C9D-B2A1-B21C088B14C5}","01XHGXZHS3ZQXAI55NXVDJRE2ISMRHBLCL":"/Planner Tasks from Flow.xlsx"},"type":"OpenApiConnection","inputs":{"host":{"apiId":"/providers/Microsoft.PowerApps/apis/shared_excelonlinebusiness","connectionName":"shared_excelonlinebusiness_1","operationId":"GetItems"},"parameters":{"source":"groups/0c6b6a6b-ff59-4a55-be49-35bf7a82bab0","drive":"b!2BLhhotKKUGLsCWCXPtUBqmvgRjlaTVPp4mDgrkf9FBKxu4TqTLQT6M2Tq3yo4yj","file":"01XHGXZHS3ZQXAI55NXVDJRE2ISMRHBLCL","table":"{0086D036-F256-4C9D-B2A1-B21C088B14C5}"},"authentication":"@parameters('$authentication')"},"description":"List all the rows in the current table"},"and_delete_each_row_in_the_Plans_tbl":{"foreach":"@outputs('List_rows_present_in_the_Plans_tbl')?['body/value']","actions":{"Delete_a_row_2":{"runAfter":{},"metadata":{"01NVYSWWV642BYHAKULVGLBTQDQ3ZRW2MK":"/Planner Tasks from Flow.xlsx","tableId":"{0086D036-F256-4C9D-B2A1-B21C088B14C5}","01XHGXZHS3ZQXAI55NXVDJRE2ISMRHBLCL":"/Planner Tasks from Flow.xlsx"},"type":"OpenApiConnection","inputs":{"host":{"apiId":"/providers/Microsoft.PowerApps/apis/shared_excelonlinebusiness","connectionName":"shared_excelonlinebusiness_1","operationId":"DeleteItem"},"parameters":{"source":"groups/0c6b6a6b-ff59-4a55-be49-35bf7a82bab0","drive":"b!2BLhhotKKUGLsCWCXPtUBqmvgRjlaTVPp4mDgrkf9FBKxu4TqTLQT6M2Tq3yo4yj","file":"01XHGXZHS3ZQXAI55NXVDJRE2ISMRHBLCL","table":"{0086D036-F256-4C9D-B2A1-B21C088B14C5}","idColumn":"Plan ID","id":"@items('and_delete_each_row_in_the_Plans_tbl')?['Plan ID']"},"authentication":"@parameters('$authentication')"}}},"runAfter":{"List_rows_present_in_the_Plans_tbl":["Succeeded"]},"type":"Foreach","description":"Delete all the current rows in the table."},"List_teams_3":{"runAfter":{"and_delete_each_row_in_the_Plans_tbl":["Succeeded"]},"type":"OpenApiConnection","inputs":{"host":{"apiId":"/providers/Microsoft.PowerApps/apis/shared_teams","connectionName":"shared_teams","operationId":"GetAllTeams"},"parameters":{},"authentication":"@parameters('$authentication')"},"description":"Get the list of all of the teams on the system.  Note that Planner Plans need to be associated with a Team"},"Apply_to_each_5":{"foreach":"@outputs('List_teams_3')?['body/value']","actions":{"List_plans_for_a_group_3":{"runAfter":{},"type":"OpenApiConnection","inputs":{"host":{"apiId":"/providers/Microsoft.PowerApps/apis/shared_planner","connectionName":"shared_planner","operationId":"ListGroupPlans"},"parameters":{"groupId":"@items('Apply_to_each_5')?['id']"},"authentication":"@parameters('$authentication')"}},"Apply_to_each_7":{"foreach":"@outputs('List_plans_for_a_group_3')?['body/value']","actions":{"Add_a_row_into_a_table_3":{"runAfter":{},"metadata":{"01NVYSWWV642BYHAKULVGLBTQDQ3ZRW2MK":"/Planner Tasks from Flow.xlsx","tableId":"{0086D036-F256-4C9D-B2A1-B21C088B14C5}","01XHGXZHS3ZQXAI55NXVDJRE2ISMRHBLCL":"/Planner Tasks from Flow.xlsx"},"type":"OpenApiConnection","inputs":{"host":{"apiId":"/providers/Microsoft.PowerApps/apis/shared_excelonlinebusiness","connectionName":"shared_excelonlinebusiness_1","operationId":"AddRowV2"},"parameters":{"source":"groups/0c6b6a6b-ff59-4a55-be49-35bf7a82bab0","drive":"b!2BLhhotKKUGLsCWCXPtUBqmvgRjlaTVPp4mDgrkf9FBKxu4TqTLQT6M2Tq3yo4yj","file":"01XHGXZHS3ZQXAI55NXVDJRE2ISMRHBLCL","table":"{0086D036-F256-4C9D-B2A1-B21C088B14C5}","item/Plan ID":"@items('Apply_to_each_7')?['id']","item/Plan Name":"@items('Apply_to_each_7')?['title']"},"authentication":"@parameters('$authentication')"}}},"runAfter":{"List_plans_for_a_group_3":["Succeeded"]},"type":"Foreach"}},"runAfter":{"List_teams_3":["Succeeded"]},"type":"Foreach","description":"Get the list of all of the teams on the system.  Note that Planner Plans need to be associated with a Team"},"List_rows_present_in_the_Assignments_tbl":{"runAfter":{},"metadata":{"01NVYSWWV642BYHAKULVGLBTQDQ3ZRW2MK":"/Planner Tasks from Flow.xlsx","tableId":"{B0BB0DD4-7A9B-4AE1-BE3C-7829BBAB7700}","01XHGXZHS3ZQXAI55NXVDJRE2ISMRHBLCL":"/Planner Tasks from Flow.xlsx"},"type":"OpenApiConnection","inputs":{"host":{"apiId":"/providers/Microsoft.PowerApps/apis/shared_excelonlinebusiness","connectionName":"shared_excelonlinebusiness_1","operationId":"GetItems"},"parameters":{"source":"groups/0c6b6a6b-ff59-4a55-be49-35bf7a82bab0","drive":"b!2BLhhotKKUGLsCWCXPtUBqmvgRjlaTVPp4mDgrkf9FBKxu4TqTLQT6M2Tq3yo4yj","file":"01XHGXZHS3ZQXAI55NXVDJRE2ISMRHBLCL","table":"{B0BB0DD4-7A9B-4AE1-BE3C-7829BBAB7700}"},"authentication":"@parameters('$authentication')"}},"and_delete_each_row_in_the_Assignments_tbl":{"foreach":"@outputs('List_rows_present_in_the_Assignments_tbl')?['body/value']","actions":{"Delete_each_Assignment_row":{"runAfter":{},"metadata":{"01NVYSWWV642BYHAKULVGLBTQDQ3ZRW2MK":"/Planner Tasks from Flow.xlsx","tableId":"{B0BB0DD4-7A9B-4AE1-BE3C-7829BBAB7700}","01XHGXZHS3ZQXAI55NXVDJRE2ISMRHBLCL":"/Planner Tasks from Flow.xlsx"},"type":"OpenApiConnection","inputs":{"host":{"apiId":"/providers/Microsoft.PowerApps/apis/shared_excelonlinebusiness","connectionName":"shared_excelonlinebusiness_1","operationId":"DeleteItem"},"parameters":{"source":"groups/0c6b6a6b-ff59-4a55-be49-35bf7a82bab0","drive":"b!2BLhhotKKUGLsCWCXPtUBqmvgRjlaTVPp4mDgrkf9FBKxu4TqTLQT6M2Tq3yo4yj","file":"01XHGXZHS3ZQXAI55NXVDJRE2ISMRHBLCL","table":"{B0BB0DD4-7A9B-4AE1-BE3C-7829BBAB7700}","idColumn":"UserAssignmentID","id":"@items('and_delete_each_row_in_the_Assignments_tbl')?['UserAssignmentID']"},"authentication":"@parameters('$authentication')"}}},"runAfter":{"List_rows_present_in_the_Assignments_tbl":["Succeeded"]},"type":"Foreach","description":"Delete all the current rows in the table."},"List_teams_4":{"runAfter":{"and_delete_each_row_in_the_Assignments_tbl":["Succeeded"]},"type":"OpenApiConnection","inputs":{"host":{"apiId":"/providers/Microsoft.PowerApps/apis/shared_teams","connectionName":"shared_teams","operationId":"GetAllTeams"},"parameters":{},"authentication":"@parameters('$authentication')"},"description":"Get the list of all of the teams on the system. Note that Planner Plans need to be associated with a Team"},"Apply_to_each_6":{"foreach":"@outputs('List_teams_4')?['body/value']","actions":{"List_plans_for_a_group_4":{"runAfter":{},"type":"OpenApiConnection","inputs":{"host":{"apiId":"/providers/Microsoft.PowerApps/apis/shared_planner","connectionName":"shared_planner","operationId":"ListGroupPlans"},"parameters":{"groupId":"@items('Apply_to_each_6')?['id']"},"authentication":"@parameters('$authentication')"}},"Apply_to_each_8":{"foreach":"@outputs('List_plans_for_a_group_4')?['body/value']","actions":{"List_tasks_2":{"runAfter":{},"type":"OpenApiConnection","inputs":{"host":{"apiId":"/providers/Microsoft.PowerApps/apis/shared_planner","connectionName":"shared_planner","operationId":"ListTasks_V3"},"parameters":{"groupId":"@items('Apply_to_each_6')?['id']","id":"@items('Apply_to_each_8')?['id']"},"authentication":"@parameters('$authentication')"}},"Apply_to_each_9":{"foreach":"@outputs('List_tasks_2')?['body/value']","actions":{"Get_a_task":{"runAfter":{},"type":"OpenApiConnection","inputs":{"host":{"apiId":"/providers/Microsoft.PowerApps/apis/shared_planner","connectionName":"shared_planner","operationId":"GetTask_V2"},"parameters":{"id":"@items('Apply_to_each_9')?['id']"},"authentication":"@parameters('$authentication')"}},"Apply_to_each_10":{"foreach":"@outputs('Get_a_task')?['body/_assignments']","actions":{"Add_a_row_into_a_table_4":{"runAfter":{},"metadata":{"01NVYSWWV642BYHAKULVGLBTQDQ3ZRW2MK":"/Planner Tasks from Flow.xlsx","tableId":"{B0BB0DD4-7A9B-4AE1-BE3C-7829BBAB7700}","01XHGXZHS3ZQXAI55NXVDJRE2ISMRHBLCL":"/Planner Tasks from Flow.xlsx"},"type":"OpenApiConnection","inputs":{"host":{"apiId":"/providers/Microsoft.PowerApps/apis/shared_excelonlinebusiness","connectionName":"shared_excelonlinebusiness_1","operationId":"AddRowV2"},"parameters":{"source":"groups/0c6b6a6b-ff59-4a55-be49-35bf7a82bab0","drive":"b!2BLhhotKKUGLsCWCXPtUBqmvgRjlaTVPp4mDgrkf9FBKxu4TqTLQT6M2Tq3yo4yj","file":"01XHGXZHS3ZQXAI55NXVDJRE2ISMRHBLCL","table":"{B0BB0DD4-7A9B-4AE1-BE3C-7829BBAB7700}","item/Plan ID":"@outputs('Get_a_task')?['body/planId']","item/Task ID":"@outputs('Get_a_task')?['body/id']","item/UserAssignmentID":"@items('Apply_to_each_10')?['userId']"},"authentication":"@parameters('$authentication')"}}},"runAfter":{"Get_a_task":["Succeeded"]},"type":"Foreach"}},"runAfter":{"List_tasks_2":["Succeeded"]},"type":"Foreach"}},"runAfter":{"List_plans_for_a_group_4":["Succeeded"]},"type":"Foreach"}},"runAfter":{"List_teams_4":["Succeeded"]},"type":"Foreach","description":" Get the list of all of the teams on the system. Note that Planner Plans need to be associated with a Team"},"List_rows_present_in_the_Users_tbl":{"runAfter":{},"metadata":{"01NVYSWWV642BYHAKULVGLBTQDQ3ZRW2MK":"/Planner Tasks from Flow.xlsx","tableId":"{C82BA1FC-45F4-46FA-B8A9-BF26EFB3F239}","01XHGXZHS3ZQXAI55NXVDJRE2ISMRHBLCL":"/Planner Tasks from Flow.xlsx"},"type":"OpenApiConnection","inputs":{"host":{"apiId":"/providers/Microsoft.PowerApps/apis/shared_excelonlinebusiness","connectionName":"shared_excelonlinebusiness_1","operationId":"GetItems"},"parameters":{"source":"groups/0c6b6a6b-ff59-4a55-be49-35bf7a82bab0","drive":"b!2BLhhotKKUGLsCWCXPtUBqmvgRjlaTVPp4mDgrkf9FBKxu4TqTLQT6M2Tq3yo4yj","file":"01XHGXZHS3ZQXAI55NXVDJRE2ISMRHBLCL","table":"{C82BA1FC-45F4-46FA-B8A9-BF26EFB3F239}"},"authentication":"@parameters('$authentication')"}},"Apply_to_each":{"foreach":"@outputs('List_rows_present_in_the_Users_tbl')?['body/value']","actions":{"Delete_a_row_4":{"runAfter":{},"metadata":{"01NVYSWWV642BYHAKULVGLBTQDQ3ZRW2MK":"/Planner Tasks from Flow.xlsx","tableId":"{C82BA1FC-45F4-46FA-B8A9-BF26EFB3F239}","01XHGXZHS3ZQXAI55NXVDJRE2ISMRHBLCL":"/Planner Tasks from Flow.xlsx"},"type":"OpenApiConnection","inputs":{"host":{"apiId":"/providers/Microsoft.PowerApps/apis/shared_excelonlinebusiness","connectionName":"shared_excelonlinebusiness_1","operationId":"DeleteItem"},"parameters":{"source":"groups/0c6b6a6b-ff59-4a55-be49-35bf7a82bab0","drive":"b!2BLhhotKKUGLsCWCXPtUBqmvgRjlaTVPp4mDgrkf9FBKxu4TqTLQT6M2Tq3yo4yj","file":"01XHGXZHS3ZQXAI55NXVDJRE2ISMRHBLCL","table":"{C82BA1FC-45F4-46FA-B8A9-BF26EFB3F239}","idColumn":"User ID","id":"@items('Apply_to_each')?['User ID']"},"authentication":"@parameters('$authentication')"}}},"runAfter":{"List_rows_present_in_the_Users_tbl":["Succeeded"]},"type":"Foreach","description":"Delete all the current rows in the table."},"List_teams_5":{"runAfter":{"Apply_to_each":["Succeeded"]},"type":"OpenApiConnection","inputs":{"host":{"apiId":"/providers/Microsoft.PowerApps/apis/shared_teams","connectionName":"shared_teams","operationId":"GetAllTeams"},"parameters":{},"authentication":"@parameters('$authentication')"}},"Apply_to_each_11":{"foreach":"@outputs('List_teams_5')?['body/value']","actions":{"List_group_members":{"runAfter":{},"type":"OpenApiConnection","inputs":{"host":{"apiId":"/providers/Microsoft.PowerApps/apis/shared_office365groups","connectionName":"shared_office365groups","operationId":"ListGroupMembers"},"parameters":{"groupId":"@items('Apply_to_each_11')?['id']"},"authentication":"@parameters('$authentication')"}},"Apply_to_each_12":{"foreach":"@outputs('List_group_members')?['body/value']","actions":{"Add_a_row_into_a_table_5":{"runAfter":{},"metadata":{"01NVYSWWV642BYHAKULVGLBTQDQ3ZRW2MK":"/Planner Tasks from Flow.xlsx","tableId":"{C82BA1FC-45F4-46FA-B8A9-BF26EFB3F239}","01XHGXZHS3ZQXAI55NXVDJRE2ISMRHBLCL":"/Planner Tasks from Flow.xlsx"},"type":"OpenApiConnection","inputs":{"host":{"apiId":"/providers/Microsoft.PowerApps/apis/shared_excelonlinebusiness","connectionName":"shared_excelonlinebusiness_1","operationId":"AddRowV2"},"parameters":{"source":"groups/0c6b6a6b-ff59-4a55-be49-35bf7a82bab0","drive":"b!2BLhhotKKUGLsCWCXPtUBqmvgRjlaTVPp4mDgrkf9FBKxu4TqTLQT6M2Tq3yo4yj","file":"01XHGXZHS3ZQXAI55NXVDJRE2ISMRHBLCL","table":"{C82BA1FC-45F4-46FA-B8A9-BF26EFB3F239}","item/Group ID":"@items('Apply_to_each_11')?['id']","item/User ID":"@items('Apply_to_each_12')?['id']","item/User Name":"@items('Apply_to_each_12')?['displayName']","item/User first name":"@items('Apply_to_each_12')?['givenName']","item/user surname":"@items('Apply_to_each_12')?['surname']"},"authentication":"@parameters('$authentication')"}}},"runAfter":{"List_group_members":["Succeeded"]},"type":"Foreach"}},"runAfter":{"List_teams_5":["Succeeded"]},"type":"Foreach","description":" Get the list of all of the teams on the system. Note that Planner Plans need to be associated with a Team"}},"outputs":{},"description":"Updates an Excel spreadsheet stored in SharePoint with Planner tasks and details."},"connectionReferences":{"shared_teams":{"connectionName":"shared-teams-029e6f34-ce69-46ca-97bd-5975-091089ba","source":"Embedded","id":"/providers/Microsoft.PowerApps/apis/shared_teams","tier":"NotSpecified"},"shared_excelonlinebusiness_1":{"connectionName":"shared-excelonlinebu-277578b0-b0c1-4a0c-8aa3-a606fd5ed5bd","source":"Embedded","id":"/providers/Microsoft.PowerApps/apis/shared_excelonlinebusiness","tier":"NotSpecified"},"shared_planner":{"connectionName":"shared-planner-2ecf2d55-d2f7-4484-8c1a-5570681c416f","source":"Embedded","id":"/providers/Microsoft.PowerApps/apis/shared_planner","tier":"NotSpecified"},"shared_excelonlinebusiness":{"connectionName":"shared-excelonlinebu-277578b0-b0c1-4a0c-8aa3-a606fd5ed5bd","source":"Embedded","id":"/providers/Microsoft.PowerApps/apis/shared_excelonlinebusiness","tier":"NotSpecified"},"shared_office365groups":{"connectionName":"shared-office365grou-ace8f5b0-a129-4f0e-9976-4493-f297a764","source":"Embedded","id":"/providers/Microsoft.PowerApps/apis/shared_office365groups","tier":"NotSpecified"}},"flowFailureAlertSubscribed":false}}