{"name":"0e10f728-473e-469d-84a4-ea2cc492a0e4","id":"/providers/Microsoft.Flow/flows/0e10f728-473e-469d-84a4-ea2cc492a0e4","type":"Microsoft.Flow/flows","properties":{"apiId":"/providers/Microsoft.PowerApps/apis/shared_logicflows","displayName":"Add Planner tasks to an Excel Online Business spreadsheet","definition":{"metadata":{"workflowEntityId":null,"processAdvisorMetadata":null,"flowclientsuspensionreason":"None","flowclientsuspensiontime":null,"creator":{"id":"5a598793-60ef-4841-867c-b4bbc3789258","type":"User","tenantId":"b41b6ad9-5bd0-4cda-95b7-b448d0c656bc"},"provisioningMethod":"FromDefinition","failureAlertSubscription":true,"clientLastModifiedTime":"2022-06-28T10:48:56.7375117Z"},"$schema":"https://schema.management.azure.com/providers/Microsoft.Logic/schemas/2016-06-01/workflowdefinition.json#","contentVersion":"1.0.0.0","parameters":{"$connections":{"defaultValue":{},"type":"Object"},"$authentication":{"defaultValue":{},"type":"SecureObject"}},"triggers":{"Run_every_day_@_23:00":{"recurrence":{"frequency":"Day","interval":1,"schedule":{"hours":["23"]}},"metadata":{"operationMetadataId":"2cd364bf-b7d6-4278-bb8a-67da4220858a"},"type":"Recurrence"}},"actions":{"List_teams":{"runAfter":{"Remove_existing_Task_rows":["Succeeded"]},"metadata":{"operationMetadataId":"de6b632f-fb5b-4fe9-bb1f-ef57cbc3b175"},"type":"OpenApiConnection","inputs":{"host":{"apiId":"/providers/Microsoft.PowerApps/apis/shared_teams","connectionName":"shared_teams","operationId":"GetAllTeams"},"parameters":{},"authentication":"@parameters('$authentication')"},"description":"Get the list of all of the teams on the system.  Note that Planner Plans need to be associated with a Team"},"Apply_to_each_Teams_List":{"foreach":"@outputs('List_teams')?['body/value']","actions":{"List_plans_for_a_group":{"runAfter":{},"metadata":{"operationMetadataId":"903b5d30-b5a2-4758-a2bb-c477d980f188"},"type":"OpenApiConnection","inputs":{"host":{"apiId":"/providers/Microsoft.PowerApps/apis/shared_planner","connectionName":"shared_planner","operationId":"ListGroupPlans"},"parameters":{"groupId":"@items('Apply_to_each_Teams_List')?['id']"},"authentication":"@parameters('$authentication')"}},"Apply_to_each_Plan":{"foreach":"@outputs('List_plans_for_a_group')?['body/value']","actions":{"List_tasks":{"runAfter":{},"metadata":{"operationMetadataId":"8907fb16-650c-4e73-ac48-e532812b86e3"},"type":"OpenApiConnection","inputs":{"host":{"apiId":"/providers/Microsoft.PowerApps/apis/shared_planner","connectionName":"shared_planner","operationId":"ListTasks_V3"},"parameters":{"groupId":"@items('Apply_to_each_Teams_List')?['id']","id":"@items('Apply_to_each_Plan')?['id']"},"authentication":"@parameters('$authentication')"}},"Apply_to_each_task":{"foreach":"@outputs('List_tasks')?['body/value']","actions":{"Add_a_row_into_a_table":{"runAfter":{},"metadata":{"017HRU7ZWCAKJXYUI7JNAKNS3XGGIUBVCO":"/PlannerTasks.xlsx","operationMetadataId":"1f96127d-17c2-472f-9944-03733e128240","tableId":"{3B8FAFF0-5141-46CD-87EE-EA0FD8F708B4}"},"type":"OpenApiConnection","inputs":{"host":{"apiId":"/providers/Microsoft.PowerApps/apis/shared_excelonlinebusiness","connectionName":"shared_excelonlinebusiness_1","operationId":"AddRowV2"},"parameters":{"source":"groups/6cc3df97-4a83-4f2b-84ed-8217d2980d83","drive":"b!7BNeuGmY5U2SSFJVtl0J_yc0stBoFA9Kj5AN_UACZVnPxPkFIjtCRos_tG-eAPyr","file":"017HRU7ZWCAKJXYUI7JNAKNS3XGGIUBVCO","table":"{3B8FAFF0-5141-46CD-87EE-EA0FD8F708B4}","item/Title":"@items('Apply_to_each_task')?['title']","item/Start Date Time":"@items('Apply_to_each_task')?['startDateTime']","item/Created Date Time":"@items('Apply_to_each_task')?['createdDateTime']","item/Due Date Time":"@items('Apply_to_each_task')?['dueDateTime']","item/Completed Date Time":"@items('Apply_to_each_task')?['completedDateTime']","item/Plan Id":"@items('Apply_to_each_task')?['planId']","item/Bucket Id":"@items('Apply_to_each_task')?['bucketId']","item/Percent Complete":"@items('Apply_to_each_task')?['percentComplete']","item/Pink":"@items('Apply_to_each_task')?['appliedCategories/category1']","item/Red":"@items('Apply_to_each_task')?['appliedCategories/category2']","item/Yellow":"@items('Apply_to_each_task')?['appliedCategories/category3']","item/Green":"@items('Apply_to_each_task')?['appliedCategories/category4']","item/Blue":"@items('Apply_to_each_task')?['appliedCategories/category5']","item/Purple":"@items('Apply_to_each_task')?['appliedCategories/category6']","item/Bronze":"@items('Apply_to_each_task')?['appliedCategories/category7']","item/Lime":"@items('Apply_to_each_task')?['appliedCategories/category8']","item/Aqua":"@items('Apply_to_each_task')?['appliedCategories/category9']","item/Gray":"@items('Apply_to_each_task')?['appliedCategories/category10']","item/Silver":"@items('Apply_to_each_task')?['appliedCategories/category11']","item/Brown":"@items('Apply_to_each_task')?['appliedCategories/category12']","item/Cranberry":"@items('Apply_to_each_task')?['appliedCategories/category13']","item/Orange":"@items('Apply_to_each_task')?['appliedCategories/category14']","item/Peach":"@items('Apply_to_each_task')?['appliedCategories/category15']","item/Marigold":"@items('Apply_to_each_task')?['appliedCategories/category16']","item/Light green":"@items('Apply_to_each_task')?['appliedCategories/category17']","item/Dark green":"@items('Apply_to_each_task')?['appliedCategories/category18']","item/Teal":"@items('Apply_to_each_task')?['appliedCategories/category19']","item/Light blue":"@items('Apply_to_each_task')?['appliedCategories/category20']","item/Dark blue":"@items('Apply_to_each_task')?['appliedCategories/category21']","item/Lavender":"@items('Apply_to_each_task')?['appliedCategories/category22']","item/Plum":"@items('Apply_to_each_task')?['appliedCategories/category23']","item/Light gray":"@items('Apply_to_each_task')?['appliedCategories/category24']","item/Dark gray":"@items('Apply_to_each_task')?['appliedCategories/category25']","item/Task ID":"@items('Apply_to_each_task')?['id']"},"authentication":"@parameters('$authentication')"}}},"runAfter":{"List_tasks":["Succeeded"]},"metadata":{"operationMetadataId":"a01a7929-1fb8-4800-94c5-dcbe6902ef44"},"type":"Foreach"}},"runAfter":{"List_plans_for_a_group":["Succeeded"]},"metadata":{"operationMetadataId":"d0c7a776-2c92-4db3-be8c-7a0a41345cbd"},"type":"Foreach"}},"runAfter":{"List_teams":["Succeeded"]},"metadata":{"operationMetadataId":"ef296eb6-c28f-4e55-b205-c5aa3e3401c7"},"type":"Foreach","description":"For each team, get the list of Plans associated with that team."},"List_teams_2":{"runAfter":{"Remove_existing_Bucket_rows":["Succeeded"]},"metadata":{"operationMetadataId":"99a4f4b6-6128-4818-84da-87f1954f0968"},"type":"OpenApiConnection","inputs":{"host":{"apiId":"/providers/Microsoft.PowerApps/apis/shared_teams","connectionName":"shared_teams","operationId":"GetAllTeams"},"parameters":{},"authentication":"@parameters('$authentication')"},"description":"Get the list of all of the teams on the system.  Note that Planner Plans need to be associated with a Team"},"Apply_to_each_2":{"foreach":"@outputs('List_teams_2')?['body/value']","actions":{"List_plans_for_a_group_2":{"runAfter":{},"metadata":{"operationMetadataId":"f7bdd964-196e-4da6-b7f3-5867d2741dfd"},"type":"OpenApiConnection","inputs":{"host":{"apiId":"/providers/Microsoft.PowerApps/apis/shared_planner","connectionName":"shared_planner","operationId":"ListGroupPlans"},"parameters":{"groupId":"@items('Apply_to_each_2')?['id']"},"authentication":"@parameters('$authentication')"}},"Apply_to_each_3":{"foreach":"@outputs('List_plans_for_a_group_2')?['body/value']","actions":{"List_buckets":{"runAfter":{},"metadata":{"operationMetadataId":"4972f790-36ca-43ca-b52f-e1dc18bf06d3"},"type":"OpenApiConnection","inputs":{"host":{"apiId":"/providers/Microsoft.PowerApps/apis/shared_planner","connectionName":"shared_planner","operationId":"ListBuckets_V3"},"parameters":{"groupId":"@items('Apply_to_each_2')?['id']","id":"@items('Apply_to_each_3')?['id']"},"authentication":"@parameters('$authentication')"}},"Apply_to_each_4":{"foreach":"@outputs('List_buckets')?['body/value']","actions":{"Add_a_row_into_a_table_2":{"runAfter":{},"metadata":{"01NVYSWWV642BYHAKULVGLBTQDQ3ZRW2MK":"/Planner Tasks from Flow.xlsx","tableId":"{558C1F6A-C903-43F6-8559-3C0263019CF5}","017HRU7ZWCAKJXYUI7JNAKNS3XGGIUBVCO":"/PlannerTasks.xlsx","operationMetadataId":"0da7c3ff-7145-40d3-bac9-7f38e23188e3"},"type":"OpenApiConnection","inputs":{"host":{"apiId":"/providers/Microsoft.PowerApps/apis/shared_excelonlinebusiness","connectionName":"shared_excelonlinebusiness_1","operationId":"AddRowV2"},"parameters":{"source":"groups/6cc3df97-4a83-4f2b-84ed-8217d2980d83","drive":"b!7BNeuGmY5U2SSFJVtl0J_yc0stBoFA9Kj5AN_UACZVnPxPkFIjtCRos_tG-eAPyr","file":"017HRU7ZWCAKJXYUI7JNAKNS3XGGIUBVCO","table":"{558C1F6A-C903-43F6-8559-3C0263019CF5}","item/Plan Id":"@items('Apply_to_each_4')?['planId']","item/Bucket Id":"@items('Apply_to_each_4')?['id']","item/Bucket Name":"@items('Apply_to_each_4')?['name']"},"authentication":"@parameters('$authentication')"}}},"runAfter":{"List_buckets":["Succeeded"]},"metadata":{"operationMetadataId":"0ccc27f4-b1e0-45da-84cb-8f5a1061f074"},"type":"Foreach"}},"runAfter":{"List_plans_for_a_group_2":["Succeeded"]},"metadata":{"operationMetadataId":"cf0b5157-b666-475b-83d4-b5c2ac113967"},"type":"Foreach"}},"runAfter":{"List_teams_2":["Succeeded"]},"metadata":{"operationMetadataId":"9e92d03c-951b-4ff2-9cdf-1a265b2dbceb"},"type":"Foreach","description":"Get the list of all of the teams on the system.  Note that Planner Plans need to be associated with a Team"},"List_teams_3":{"runAfter":{"Remove_existing_Plan_rows":["Succeeded"]},"metadata":{"operationMetadataId":"41bd6f14-8377-464c-9a4f-a2fbfa5afc28"},"type":"OpenApiConnection","inputs":{"host":{"apiId":"/providers/Microsoft.PowerApps/apis/shared_teams","connectionName":"shared_teams","operationId":"GetAllTeams"},"parameters":{},"authentication":"@parameters('$authentication')"},"description":"Get the list of all of the teams on the system.  Note that Planner Plans need to be associated with a Team"},"Apply_to_each_5":{"foreach":"@outputs('List_teams_3')?['body/value']","actions":{"List_plans_for_a_group_3":{"runAfter":{},"metadata":{"operationMetadataId":"beac3941-019e-4c1b-92df-faab2771cc89"},"type":"OpenApiConnection","inputs":{"host":{"apiId":"/providers/Microsoft.PowerApps/apis/shared_planner","connectionName":"shared_planner","operationId":"ListGroupPlans"},"parameters":{"groupId":"@items('Apply_to_each_5')?['id']"},"authentication":"@parameters('$authentication')"}},"Apply_to_each_7":{"foreach":"@outputs('List_plans_for_a_group_3')?['body/value']","actions":{"List_plans":{"runAfter":{},"metadata":{"01NVYSWWV642BYHAKULVGLBTQDQ3ZRW2MK":"/Planner Tasks from Flow.xlsx","tableId":"{0086D036-F256-4C9D-B2A1-B21C088B14C5}","017HRU7ZWCAKJXYUI7JNAKNS3XGGIUBVCO":"/PlannerTasks.xlsx","operationMetadataId":"a5f7324f-3ff8-4b8f-aeeb-66cae53bf2f6"},"type":"OpenApiConnection","inputs":{"host":{"apiId":"/providers/Microsoft.PowerApps/apis/shared_excelonlinebusiness","connectionName":"shared_excelonlinebusiness_1","operationId":"AddRowV2"},"parameters":{"source":"groups/6cc3df97-4a83-4f2b-84ed-8217d2980d83","drive":"b!7BNeuGmY5U2SSFJVtl0J_yc0stBoFA9Kj5AN_UACZVnPxPkFIjtCRos_tG-eAPyr","file":"017HRU7ZWCAKJXYUI7JNAKNS3XGGIUBVCO","table":"{0086D036-F256-4C9D-B2A1-B21C088B14C5}","item/Plan ID":"@items('Apply_to_each_7')?['id']","item/Plan Name":"@items('Apply_to_each_7')?['title']","item/Team Name":"@items('Apply_to_each_5')?['displayName']"},"authentication":"@parameters('$authentication')"}}},"runAfter":{"List_plans_for_a_group_3":["Succeeded"]},"metadata":{"operationMetadataId":"30582cf3-cef6-4b6d-a6c7-048dced47fc6"},"type":"Foreach"}},"runAfter":{"List_teams_3":["Succeeded"]},"metadata":{"operationMetadataId":"f8cc1f60-16be-46c2-86a1-8f469bef1bec"},"type":"Foreach","description":"Get the list of all of the teams on the system.  Note that Planner Plans need to be associated with a Team"},"List_teams_4":{"runAfter":{"Remove_existing_Assignment_rows":["Succeeded"]},"metadata":{"operationMetadataId":"e9a6265f-547d-4349-a3bf-1829567a1e35"},"type":"OpenApiConnection","inputs":{"host":{"apiId":"/providers/Microsoft.PowerApps/apis/shared_teams","connectionName":"shared_teams","operationId":"GetAllTeams"},"parameters":{},"authentication":"@parameters('$authentication')"},"description":"Get the list of all of the teams on the system. Note that Planner Plans need to be associated with a Team"},"Apply_to_each_6":{"foreach":"@outputs('List_teams_4')?['body/value']","actions":{"List_plans_for_a_group_4":{"runAfter":{},"metadata":{"operationMetadataId":"cab6cc30-06a6-4560-b612-e39869038e22"},"type":"OpenApiConnection","inputs":{"host":{"apiId":"/providers/Microsoft.PowerApps/apis/shared_planner","connectionName":"shared_planner","operationId":"ListGroupPlans"},"parameters":{"groupId":"@items('Apply_to_each_6')?['id']"},"authentication":"@parameters('$authentication')"}},"Apply_to_each_8":{"foreach":"@outputs('List_plans_for_a_group_4')?['body/value']","actions":{"List_assignments":{"runAfter":{},"metadata":{"operationMetadataId":"19ff01cf-ac68-42de-85f5-905f3f031af8"},"type":"OpenApiConnection","inputs":{"host":{"apiId":"/providers/Microsoft.PowerApps/apis/shared_planner","connectionName":"shared_planner","operationId":"ListTasks_V3"},"parameters":{"groupId":"@items('Apply_to_each_6')?['id']","id":"@items('Apply_to_each_8')?['id']"},"authentication":"@parameters('$authentication')"}},"Apply_to_each_9":{"foreach":"@outputs('List_assignments')?['body/value']","actions":{"Get_assignment_details":{"runAfter":{},"metadata":{"operationMetadataId":"f56bced7-0391-46f7-89de-9b7f9522db38"},"type":"OpenApiConnection","inputs":{"host":{"apiId":"/providers/Microsoft.PowerApps/apis/shared_planner","connectionName":"shared_planner","operationId":"GetTask_V2"},"parameters":{"id":"@items('Apply_to_each_9')?['id']"},"authentication":"@parameters('$authentication')"}},"Apply_to_each_10":{"foreach":"@outputs('Get_assignment_details')?['body/_assignments']","actions":{"Add_a_row_into_a_table_4":{"runAfter":{},"metadata":{"01NVYSWWV642BYHAKULVGLBTQDQ3ZRW2MK":"/Planner Tasks from Flow.xlsx","tableId":"{B0BB0DD4-7A9B-4AE1-BE3C-7829BBAB7700}","017HRU7ZWCAKJXYUI7JNAKNS3XGGIUBVCO":"/PlannerTasks.xlsx","operationMetadataId":"5e23905d-5bbf-49cc-b9f7-eb7042e224b4"},"type":"OpenApiConnection","inputs":{"host":{"apiId":"/providers/Microsoft.PowerApps/apis/shared_excelonlinebusiness","connectionName":"shared_excelonlinebusiness_1","operationId":"AddRowV2"},"parameters":{"source":"groups/6cc3df97-4a83-4f2b-84ed-8217d2980d83","drive":"b!7BNeuGmY5U2SSFJVtl0J_yc0stBoFA9Kj5AN_UACZVnPxPkFIjtCRos_tG-eAPyr","file":"017HRU7ZWCAKJXYUI7JNAKNS3XGGIUBVCO","table":"{B0BB0DD4-7A9B-4AE1-BE3C-7829BBAB7700}","item/Plan ID":"@outputs('Get_assignment_details')?['body/planId']","item/Task ID":"@outputs('Get_assignment_details')?['body/id']","item/UserAssignmentID":"@items('Apply_to_each_10')?['userId']"},"authentication":"@parameters('$authentication')"}}},"runAfter":{"Get_assignment_details":["Succeeded"]},"metadata":{"operationMetadataId":"f97f313b-9f6c-4e7f-aeb8-80cf5c114cd1"},"type":"Foreach"}},"runAfter":{"List_assignments":["Succeeded"]},"metadata":{"operationMetadataId":"9c819a3c-bebb-4c97-bf44-d6fdeda546ab"},"type":"Foreach"}},"runAfter":{"List_plans_for_a_group_4":["Succeeded"]},"metadata":{"operationMetadataId":"30e032e6-76ac-42c5-971b-59bb66b895da"},"type":"Foreach"}},"runAfter":{"List_teams_4":["Succeeded"]},"metadata":{"operationMetadataId":"2f381986-6d6d-4cc1-a1a6-5a746c37dfe0"},"type":"Foreach","description":" Get the list of all of the teams on the system. Note that Planner Plans need to be associated with a Team"},"List_teams_5":{"runAfter":{"Remove_existing_User_rows":["Succeeded"]},"metadata":{"operationMetadataId":"29298fb6-4d32-44e3-9098-4519f02da4b7"},"type":"OpenApiConnection","inputs":{"host":{"apiId":"/providers/Microsoft.PowerApps/apis/shared_teams","connectionName":"shared_teams","operationId":"GetAllTeams"},"parameters":{},"authentication":"@parameters('$authentication')"},"description":"Get the list of all of the teams on the system. Note that Planner Plans need to be associated with a Team"},"Apply_to_each_11":{"foreach":"@outputs('List_teams_5')?['body/value']","actions":{"List_group_members":{"runAfter":{},"metadata":{"operationMetadataId":"7e17fe5b-cd2d-4d02-a925-80db567c2f02"},"type":"OpenApiConnection","inputs":{"host":{"apiId":"/providers/Microsoft.PowerApps/apis/shared_office365groups","connectionName":"shared_office365groups","operationId":"ListGroupMembers"},"parameters":{"groupId":"@items('Apply_to_each_11')?['id']"},"authentication":"@parameters('$authentication')"}},"Apply_to_each_12":{"foreach":"@outputs('List_group_members')?['body/value']","actions":{"Add_a_row_into_a_table_5":{"runAfter":{},"metadata":{"01NVYSWWV642BYHAKULVGLBTQDQ3ZRW2MK":"/Planner Tasks from Flow.xlsx","017HRU7ZWCAKJXYUI7JNAKNS3XGGIUBVCO":"/PlannerTasks.xlsx","operationMetadataId":"62ee432e-40d7-49d1-b520-81286fd49b08","tableId":"{C82BA1FC-45F4-46FA-B8A9-BF26EFB3F239}"},"type":"OpenApiConnection","inputs":{"host":{"apiId":"/providers/Microsoft.PowerApps/apis/shared_excelonlinebusiness","connectionName":"shared_excelonlinebusiness_1","operationId":"AddRowV2"},"parameters":{"source":"groups/6cc3df97-4a83-4f2b-84ed-8217d2980d83","drive":"b!7BNeuGmY5U2SSFJVtl0J_yc0stBoFA9Kj5AN_UACZVnPxPkFIjtCRos_tG-eAPyr","file":"017HRU7ZWCAKJXYUI7JNAKNS3XGGIUBVCO","table":"{C82BA1FC-45F4-46FA-B8A9-BF26EFB3F239}","item/Group ID":"@items('Apply_to_each_11')?['id']","item/User ID":"@items('Apply_to_each_12')?['id']","item/User Name":"@items('Apply_to_each_12')?['displayName']","item/User first name":"@items('Apply_to_each_12')?['givenName']","item/user surname":"@items('Apply_to_each_12')?['surname']"},"authentication":"@parameters('$authentication')"}}},"runAfter":{"List_group_members":["Succeeded"]},"metadata":{"operationMetadataId":"8690d892-8b35-4120-a11d-e083e0fe58e1"},"type":"Foreach"}},"runAfter":{"List_teams_5":["Succeeded"]},"metadata":{"operationMetadataId":"d2289920-d638-473a-a941-f7bbb3b632b5"},"type":"Foreach","description":" Get the list of all of the teams on the system. Note that Planner Plans need to be associated with a Team"},"List_teams_6":{"runAfter":{"Remove_existing_Checklist_rows":["Succeeded"]},"metadata":{"operationMetadataId":"fc870a87-aec5-403c-9915-40ae241b55d3"},"type":"OpenApiConnection","inputs":{"host":{"apiId":"/providers/Microsoft.PowerApps/apis/shared_teams","connectionName":"shared_teams_1","operationId":"GetAllTeams"},"parameters":{},"authentication":"@parameters('$authentication')"},"description":"Get the list of all of the teams on the system. Note that Planner Plans need to be associated with a Team"},"Apply_to_each_15":{"foreach":"@outputs('List_teams_6')?['body/value']","actions":{"List_plans_for_a_group_5":{"runAfter":{},"metadata":{"operationMetadataId":"457fad5e-5dea-4b95-9a21-8d5eb3e8afda"},"type":"OpenApiConnection","inputs":{"host":{"apiId":"/providers/Microsoft.PowerApps/apis/shared_planner","connectionName":"shared_planner","operationId":"ListGroupPlans"},"parameters":{"groupId":"@items('Apply_to_each_15')?['id']"},"authentication":"@parameters('$authentication')"}},"Apply_to_each_13":{"foreach":"@outputs('List_plans_for_a_group_5')?['body/value']","actions":{"List_checklist_items":{"runAfter":{},"metadata":{"operationMetadataId":"94f7a589-81c8-4062-9db9-ef36e0b9a2ed"},"type":"OpenApiConnection","inputs":{"host":{"apiId":"/providers/Microsoft.PowerApps/apis/shared_planner","connectionName":"shared_planner","operationId":"ListTasks_V3"},"parameters":{"groupId":"@items('Apply_to_each_15')?['id']","id":"@items('Apply_to_each_13')?['id']"},"authentication":"@parameters('$authentication')"}},"Apply_to_each_16":{"foreach":"@outputs('List_checklist_items')?['body/value']","actions":{"Get_checklist_details":{"runAfter":{},"metadata":{"operationMetadataId":"ea012f05-95da-4956-ba24-710f469eb817"},"type":"OpenApiConnection","inputs":{"host":{"apiId":"/providers/Microsoft.PowerApps/apis/shared_planner","connectionName":"shared_planner","operationId":"GetTaskDetails_V2"},"parameters":{"id":"@items('Apply_to_each_16')?['id']"},"authentication":"@parameters('$authentication')"}},"Apply_to_each_17":{"foreach":"@outputs('Get_checklist_details')?['body/checklist']","actions":{"Add_a_row_into_a_table_6":{"runAfter":{},"metadata":{"017HRU7ZWCAKJXYUI7JNAKNS3XGGIUBVCO":"/PlannerTasks.xlsx","operationMetadataId":"c0695e6b-4d45-4bbb-90c9-90ee05b0c504","tableId":"{01ABAAFF-B3E2-4F16-966D-90575F6EA5BF}"},"type":"OpenApiConnection","inputs":{"host":{"apiId":"/providers/Microsoft.PowerApps/apis/shared_excelonlinebusiness","connectionName":"shared_excelonlinebusiness_1","operationId":"AddRowV2"},"parameters":{"source":"groups/6cc3df97-4a83-4f2b-84ed-8217d2980d83","drive":"b!7BNeuGmY5U2SSFJVtl0J_yc0stBoFA9Kj5AN_UACZVnPxPkFIjtCRos_tG-eAPyr","file":"017HRU7ZWCAKJXYUI7JNAKNS3XGGIUBVCO","table":"{01ABAAFF-B3E2-4F16-966D-90575F6EA5BF}","item/TaskID":"@outputs('Get_checklist_details')?['body/id']","item/ChecklistID":"@items('Apply_to_each_17')?['id']","item/Checklist title":"@items('Apply_to_each_17')?['value/title']","item/Checklist is checked":"@items('Apply_to_each_17')?['value/isChecked']"},"authentication":"@parameters('$authentication')"}}},"runAfter":{"Get_checklist_details":["Succeeded"]},"metadata":{"operationMetadataId":"40222394-bd04-4652-8b04-b0ce05ceef10"},"type":"Foreach"}},"runAfter":{"List_checklist_items":["Succeeded"]},"metadata":{"operationMetadataId":"ea7cb5de-c16b-4312-ad62-fffa20be6941"},"type":"Foreach"}},"runAfter":{"List_plans_for_a_group_5":["Succeeded"]},"metadata":{"operationMetadataId":"2efd82b0-6d6f-4d8c-8934-29b00d9ce5c7"},"type":"Foreach"}},"runAfter":{"List_teams_6":["Succeeded"]},"metadata":{"operationMetadataId":"473165fa-46b0-4d07-959f-39b2a284bbf6"},"type":"Foreach"},"Remove_existing_Task_rows":{"runAfter":{},"metadata":{"017HRU7ZWCAKJXYUI7JNAKNS3XGGIUBVCO":"/PlannerTasks.xlsx","operationMetadataId":"ca81eb14-0976-40ce-850f-1025949a8a05","tableId":null},"type":"OpenApiConnection","inputs":{"host":{"apiId":"/providers/Microsoft.PowerApps/apis/shared_excelonlinebusiness","connectionName":"shared_excelonlinebusiness_1","operationId":"RunScriptProd"},"parameters":{"source":"groups/6cc3df97-4a83-4f2b-84ed-8217d2980d83","drive":"b!7BNeuGmY5U2SSFJVtl0J_yc0stBoFA9Kj5AN_UACZVnPxPkFIjtCRos_tG-eAPyr","file":"017HRU7ZWCAKJXYUI7JNAKNS3XGGIUBVCO","scriptId":"ms-officescript%3A%2F%2Fonedrive_business_itemlink%2F01YUQA4FIQR5BEVGPB3FHIT5PAC6CF3FRO"},"authentication":"@parameters('$authentication')"}},"Remove_existing_Checklist_rows":{"runAfter":{},"metadata":{"017HRU7ZWCAKJXYUI7JNAKNS3XGGIUBVCO":"/PlannerTasks.xlsx","operationMetadataId":"232201e3-41c0-4b79-ab1d-94df8da1b8df","tableId":null},"type":"OpenApiConnection","inputs":{"host":{"apiId":"/providers/Microsoft.PowerApps/apis/shared_excelonlinebusiness","connectionName":"shared_excelonlinebusiness_1","operationId":"RunScriptProd"},"parameters":{"source":"groups/6cc3df97-4a83-4f2b-84ed-8217d2980d83","drive":"b!7BNeuGmY5U2SSFJVtl0J_yc0stBoFA9Kj5AN_UACZVnPxPkFIjtCRos_tG-eAPyr","file":"017HRU7ZWCAKJXYUI7JNAKNS3XGGIUBVCO","scriptId":"ms-officescript%3A%2F%2Fonedrive_business_itemlink%2F01YUQA4FIB2C3ZW6WBAFDIB3O5O6BGYLY2"},"authentication":"@parameters('$authentication')"}},"Remove_existing_User_rows":{"runAfter":{},"metadata":{"017HRU7ZWCAKJXYUI7JNAKNS3XGGIUBVCO":"/PlannerTasks.xlsx","operationMetadataId":"1528f461-84dd-4c71-b220-2fb3df7bd3ad","tableId":null},"type":"OpenApiConnection","inputs":{"host":{"apiId":"/providers/Microsoft.PowerApps/apis/shared_excelonlinebusiness","connectionName":"shared_excelonlinebusiness_1","operationId":"RunScriptProd"},"parameters":{"source":"groups/6cc3df97-4a83-4f2b-84ed-8217d2980d83","drive":"b!7BNeuGmY5U2SSFJVtl0J_yc0stBoFA9Kj5AN_UACZVnPxPkFIjtCRos_tG-eAPyr","file":"017HRU7ZWCAKJXYUI7JNAKNS3XGGIUBVCO","scriptId":"ms-officescript%3A%2F%2Fonedrive_business_itemlink%2F01YUQA4FLDDT6YBV5BSNHZTD2EJJ4RZVCN"},"authentication":"@parameters('$authentication')"}},"Remove_existing_Assignment_rows":{"runAfter":{},"metadata":{"017HRU7ZWCAKJXYUI7JNAKNS3XGGIUBVCO":"/PlannerTasks.xlsx","operationMetadataId":"c0ef892b-402e-4179-aa30-e003b0fa6778","tableId":null},"type":"OpenApiConnection","inputs":{"host":{"apiId":"/providers/Microsoft.PowerApps/apis/shared_excelonlinebusiness","connectionName":"shared_excelonlinebusiness_1","operationId":"RunScriptProd"},"parameters":{"source":"groups/6cc3df97-4a83-4f2b-84ed-8217d2980d83","drive":"b!7BNeuGmY5U2SSFJVtl0J_yc0stBoFA9Kj5AN_UACZVnPxPkFIjtCRos_tG-eAPyr","file":"017HRU7ZWCAKJXYUI7JNAKNS3XGGIUBVCO","scriptId":"ms-officescript%3A%2F%2Fonedrive_business_itemlink%2F01YUQA4FM27BGX4O6W6NHKGBYSCLTLED5S"},"authentication":"@parameters('$authentication')"}},"Remove_existing_Plan_rows":{"runAfter":{},"metadata":{"017HRU7ZWCAKJXYUI7JNAKNS3XGGIUBVCO":"/PlannerTasks.xlsx","operationMetadataId":"0ec6d97d-4000-49d7-997c-2975c8e648dd","tableId":null},"type":"OpenApiConnection","inputs":{"host":{"apiId":"/providers/Microsoft.PowerApps/apis/shared_excelonlinebusiness","connectionName":"shared_excelonlinebusiness_1","operationId":"RunScriptProd"},"parameters":{"source":"groups/6cc3df97-4a83-4f2b-84ed-8217d2980d83","drive":"b!7BNeuGmY5U2SSFJVtl0J_yc0stBoFA9Kj5AN_UACZVnPxPkFIjtCRos_tG-eAPyr","file":"017HRU7ZWCAKJXYUI7JNAKNS3XGGIUBVCO","scriptId":"ms-officescript%3A%2F%2Fonedrive_business_itemlink%2F01YUQA4FPIUELKZJ7LCJELPCWHSSEHW6LU"},"authentication":"@parameters('$authentication')"}},"Remove_existing_Bucket_rows":{"runAfter":{},"metadata":{"017HRU7ZWCAKJXYUI7JNAKNS3XGGIUBVCO":"/PlannerTasks.xlsx","operationMetadataId":"e94b478f-e456-4ccd-924c-8863707f8092","tableId":null},"type":"OpenApiConnection","inputs":{"host":{"apiId":"/providers/Microsoft.PowerApps/apis/shared_excelonlinebusiness","connectionName":"shared_excelonlinebusiness_1","operationId":"RunScriptProd"},"parameters":{"source":"groups/6cc3df97-4a83-4f2b-84ed-8217d2980d83","drive":"b!7BNeuGmY5U2SSFJVtl0J_yc0stBoFA9Kj5AN_UACZVnPxPkFIjtCRos_tG-eAPyr","file":"017HRU7ZWCAKJXYUI7JNAKNS3XGGIUBVCO","scriptId":"ms-officescript%3A%2F%2Fonedrive_business_itemlink%2F01YUQA4FI6USQ755ZAQBE3XU5SV2ITFNSH"},"authentication":"@parameters('$authentication')"}}},"outputs":{},"description":"Updates an Excel spreadsheet stored in SharePoint with Planner tasks and details.\n\nUses a script to remove the rows in each Excel table."},"connectionReferences":{"shared_teams":{"connectionName":"shared-teams-029e6f34-ce69-46ca-97bd-5975-091089ba","source":"Embedded","id":"/providers/Microsoft.PowerApps/apis/shared_teams","tier":"NotSpecified"},"shared_planner":{"connectionName":"shared-planner-2ecf2d55-d2f7-4484-8c1a-5570681c416f","source":"Embedded","id":"/providers/Microsoft.PowerApps/apis/shared_planner","tier":"NotSpecified"},"shared_excelonlinebusiness_1":{"connectionName":"shared-excelonlinebu-277578b0-b0c1-4a0c-8aa3-a606fd5ed5bd","source":"Embedded","id":"/providers/Microsoft.PowerApps/apis/shared_excelonlinebusiness","tier":"NotSpecified"},"shared_office365groups":{"connectionName":"shared-office365grou-ace8f5b0-a129-4f0e-9976-4493-f297a764","source":"Embedded","id":"/providers/Microsoft.PowerApps/apis/shared_office365groups","tier":"NotSpecified"},"shared_teams_1":{"connectionName":"070045562178483faef6e3ea3783bfc2","source":"Embedded","id":"/providers/Microsoft.PowerApps/apis/shared_teams","tier":"NotSpecified"}},"flowFailureAlertSubscribed":false,"isManaged":false}}